N_tume;I_meses;Esp;Parc_m2;N_arv;DAP_cm;H_m;Cod;Cod2
55;24;E_botryoides;600;1;4,1;6,5;;
55;24;E_botryoides;600;2;9,7;8;;
55;24;E_botryoides;600;3;;;5;
55;24;E_botryoides;600;4;7,6;7,5;2;
55;24;E_botryoides;600;5;3,8;5;;
55;24;E_botryoides;600;6;;;1;
55;24;E_botryoides;600;7;12,6;9;6;
55;24;E_botryoides;600;8;;;1;
55;24;E_botryoides;600;9;7;8;;
55;24;E_botryoides;600;10;7,5;7,5;;
55;24;E_botryoides;600;11;;;1;
55;24;E_botryoides;600;12;;;1;
55;24;E_botryoides;600;13;6;5;;
55;24;E_botryoides;600;14;10,2;10;11;
55;24;E_botryoides;600;15;8,3;8,5;2;
55;24;E_botryoides;600;16;6;6,5;;
55;24;E_botryoides;600;17;8,4;7,5;;
55;24;E_botryoides;600;18;5,4;5,5;;
55;24;E_botryoides;600;19;8,3;7,5;;
55;24;E_botryoides;600;20;3,8;6;;
55;24;E_botryoides;600;21;10,2;11;;
55;24;E_botryoides;600;22;12,1;10,5;6;
55;24;E_botryoides;600;23;7,3;7,5;11;
55;24;E_botryoides;600;24;15,8;13;6;
55;24;E_botryoides;600;25;;;1;
55;24;E_botryoides;600;26;;;1;
55;24;E_botryoides;600;27;;1,5;9;
55;24;E_botryoides;600;28;10;10;;
55;24;E_botryoides;600;29;10,3;10,5;;
55;24;E_botryoides;600;30;11,8;11;;
55;24;E_botryoides;600;31;3;3;11;9
55;24;E_botryoides;600;32;2,5;3,5;9;
55;24;E_botryoides;600;33;10,7;9,5;;
55;24;E_botryoides;600;34;11,3;11;;
55;24;E_botryoides;600;35;10,5;10,5;;
55;24;E_botryoides;600;36;7;9;;
55;24;E_botryoides;600;37;4,3;5,5;11;
55;24;E_botryoides;600;38;11,9;9,5;;
55;24;E_botryoides;600;39;5,9;5,5;11;
55;24;E_botryoides;600;40;7;7;;
55;24;E_botryoides;600;41;3,8;4,5;;
55;24;E_botryoides;600;42;9,9;10;;
55;24;E_botryoides;600;43;5,3;5,5;;
55;24;E_botryoides;600;44;;;1;
55;24;E_botryoides;600;45;7,8;9,5;;
55;24;E_botryoides;600;46;8,4;8,5;11;
55;24;E_botryoides;600;47;;;1;
55;24;E_botryoides;600;48;9,1;8,5;;
55;24;E_botryoides;600;49;8;7;11;
55;24;E_botryoides;600;50;;;1;
55;24;E_botryoides;600;51;6,8;6,5;;
55;24;E_botryoides;600;52;6,8;7;;
55;24;E_botryoides;600;53;8;7,5;;
55;24;E_botryoides;600;54;;;1;
55;24;E_botryoides;600;55;8,6;7,5;11;
55;24;E_botryoides;600;56;7,3;7,5;11;
55;24;E_botryoides;600;57;12,7;12;6;
55;24;E_botryoides;600;58;4,5;6;;
55;24;E_botryoides;600;59;11,3;11,5;11;
55;24;E_botryoides;600;60;8,3;8,5;11;
55;24;E_botryoides;600;61;;;1;
55;24;E_botryoides;600;62;6,8;7,5;;
55;24;E_botryoides;600;63;6,5;7,5;;
55;24;E_botryoides;600;64;9,4;10;;
55;24;E_botryoides;600;65;7,5;7,5;11;
55;24;E_botryoides;600;66;9,4;6,5;11;
55;24;E_botryoides;600;67;9,9;9,5;;
55;24;E_botryoides;600;68;4,5;5,5;;
55;24;E_botryoides;600;69;5,3;6,5;;
55;24;E_botryoides;600;70;7,8;8,5;11;
55;24;E_botryoides;600;71;7;8,5;;
55;24;E_botryoides;600;72;5,3;6,5;;
55;24;E_botryoides;600;73;5,4;7;11;
55;24;E_botryoides;600;74;7,3;8;;
55;24;E_botryoides;600;75;;;1;
55;24;E_botryoides;600;76;12,3;10,5;6;
55;24;E_botryoides;600;77;9,2;9,5;;
55;24;E_botryoides;600;78;8,4;8,5;11;
55;24;E_botryoides;600;79;5,4;4,5;;
55;24;E_botryoides;600;80;12,9;12;6;
55;24;E_brassiana;600;1;3,2;3,5;2;
55;24;E_brassiana;600;2;5,6;5;;
55;24;E_brassiana;600;3;4,3;3,5;;
55;24;E_brassiana;600;4;11,1;;;
55;24;E_brassiana;600;5;3,8;4;2;
55;24;E_brassiana;600;6;6;5;;
55;24;E_brassiana;600;7;3,5;3,5;11;
55;24;E_brassiana;600;8;4,8;5;;
55;24;E_brassiana;600;9;;;1;
55;24;E_brassiana;600;10;6,5;;;
55;24;E_brassiana;600;11;4,1;3,5;;
55;24;E_brassiana;600;12;;;1;
55;24;E_brassiana;600;13;;;1;
55;24;E_brassiana;600;14;4,9;5;;
55;24;E_brassiana;600;15;6;4;;
55;24;E_brassiana;600;16;;;1;
55;24;E_brassiana;600;17;;;1;
55;24;E_brassiana;600;18;4,1;4;;
55;24;E_brassiana;600;19;;;1;
55;24;E_brassiana;600;20;6,2;6,5;;
55;24;E_brassiana;600;21;3,3;3;4;
55;24;E_brassiana;600;22;;;1;
55;24;E_brassiana;600;23;;;1;
55;24;E_brassiana;600;24;6,2;5;;
55;24;E_brassiana;600;25;3,2;3,5;;
55;24;E_brassiana;600;26;;;1;
55;24;E_brassiana;600;27;1,1;;;
55;24;E_brassiana;600;28;4,1;3,5;;
55;24;E_brassiana;600;29;4;4;;
55;24;E_brassiana;600;30;5,6;5,5;;
55;24;E_brassiana;600;31;4,9;4,5;;
55;24;E_brassiana;600;32;4,3;4;;
55;24;E_brassiana;600;33;4,5;3,5;;
55;24;E_brassiana;600;34;3,7;3,5;;
55;24;E_brassiana;600;35;4,9;4,5;;
55;24;E_brassiana;600;36;3,7;3;;
55;24;E_brassiana;600;37;4,1;3,5;;
55;24;E_brassiana;600;38;3,8;4,5;;
55;24;E_brassiana;600;39;7,2;7;;
55;24;E_brassiana;600;40;6,5;5,5;;
55;24;E_brassiana;600;41;5,6;5;;
55;24;E_brassiana;600;42;2,7;2;;
55;24;E_brassiana;600;43;7,5;5,5;;
55;24;E_brassiana;600;44;;;1;
55;24;E_brassiana;600;45;6,8;5,5;;
55;24;E_brassiana;600;46;4,9;4,5;;
55;24;E_brassiana;600;47;5,1;4,5;;
55;24;E_brassiana;600;48;3,3;4;;
55;24;E_brassiana;600;49;2,2;3;;
55;24;E_brassiana;600;50;5,3;4,5;;
55;24;E_brassiana;600;51;4,6;5;;
55;24;E_brassiana;600;52;3,5;3,5;;
55;24;E_brassiana;600;53;2,2;3,5;;
55;24;E_brassiana;600;54;1,4;2;9;
55;24;E_brassiana;600;55;7,6;6,5;6;
55;24;E_brassiana;600;56;;;1;
55;24;E_brassiana;600;57;;;1;
55;24;E_brassiana;600;58;8,3;6;6;
55;24;E_brassiana;600;59;4,5;4;;
55;24;E_brassiana;600;60;5,6;6;;
55;24;E_brassiana;600;61;6,8;5,5;;
55;24;E_brassiana;600;62;5,7;5;;
55;24;E_brassiana;600;63;5,4;4,5;;
55;24;E_brassiana;600;64;2,9;2,5;;
55;24;E_brassiana;600;65;8,8;6,5;6;
55;24;E_brassiana;600;66;;;1;
55;24;E_brassiana;600;67;7,8;6,5;6;
55;24;E_brassiana;600;68;4,8;4;;
55;24;E_brassiana;600;69;4,1;3,5;;
55;24;E_brassiana;600;70;2,1;2,5;9;
55;24;E_brassiana;600;71;6,5;7;11;
55;24;E_brassiana;600;72;8,9;6;6;
55;24;E_brassiana;600;73;;;1;
55;24;E_brassiana;600;74;4,8;5;;
55;24;E_brassiana;600;75;;1,5;9;
55;24;E_brassiana;600;76;4,6;4,5;;
55;24;E_brassiana;600;77;6,7;7;;
55;24;E_brassiana;600;78;;1;9;
55;24;E_brassiana;600;79;2,7;3;;
55;24;E_brassiana;600;80;5,6;5;;
55;24;E_camaldulensis;600;1;8,6;10;;
55;24;E_camaldulensis;600;2;8,1;10;;
55;24;E_camaldulensis;600;3;9,9;10;;
55;24;E_camaldulensis;600;4;9,5;9,5;;
55;24;E_camaldulensis;600;5;4,1;5,5;7;9
55;24;E_camaldulensis;600;6;8,8;9,5;;
55;24;E_camaldulensis;600;7;7,8;9,5;;
55;24;E_camaldulensis;600;8;6,5;7,5;;
55;24;E_camaldulensis;600;9;8,6;8,5;;
55;24;E_camaldulensis;600;10;8,8;10;;
55;24;E_camaldulensis;600;11;6,5;7,5;;
55;24;E_camaldulensis;600;12;8,4;8,5;;
55;24;E_camaldulensis;600;13;6,7;8,5;;
55;24;E_camaldulensis;600;14;7,6;8;;
55;24;E_camaldulensis;600;15;9,5;10;;
55;24;E_camaldulensis;600;16;10,5;10,5;6;
55;24;E_camaldulensis;600;17;10,7;10,5;6;
55;24;E_camaldulensis;600;18;9,4;9;;
55;24;E_camaldulensis;600;19;10,7;9;6;
55;24;E_camaldulensis;600;20;5,1;7;;
55;24;E_camaldulensis;600;21;7,6;7,5;;
55;24;E_camaldulensis;600;22;10;9,5;;
55;24;E_camaldulensis;600;23;9,9;9;;
55;24;E_camaldulensis;600;24;11,1;10;6;
55;24;E_camaldulensis;600;25;8,6;9;;
55;24;E_camaldulensis;600;26;8,3;8;;
55;24;E_camaldulensis;600;27;7,8;8,5;;
55;24;E_camaldulensis;600;28;8,8;9;;
55;24;E_camaldulensis;600;29;10;9;;
55;24;E_camaldulensis;600;30;9,5;9,5;;
55;24;E_camaldulensis;600;31;8,9;9;;
55;24;E_camaldulensis;600;32;3,8;3;4;
55;24;E_camaldulensis;600;33;10,2;9,5;;
55;24;E_camaldulensis;600;34;9,9;10,5;;
55;24;E_camaldulensis;600;35;7,6;6;;
55;24;E_camaldulensis;600;36;8,9;8,5;;
55;24;E_camaldulensis;600;37;4,9;7;;
55;24;E_camaldulensis;600;38;7,3;8;;
55;24;E_camaldulensis;600;39;;;1;
55;24;E_camaldulensis;600;40;9,1;9,5;;
55;24;E_camaldulensis;600;41;10,7;8,5;6;
55;24;E_camaldulensis;600;42;10,2;9;;
55;24;E_camaldulensis;600;43;9,4;7,5;;
55;24;E_camaldulensis;600;44;8;7;;
55;24;E_camaldulensis;600;45;8,1;8,5;;
55;24;E_camaldulensis;600;46;3,2;3;7;
55;24;E_camaldulensis;600;47;5,9;4;;
55;24;E_camaldulensis;600;48;10,5;9;6;
55;24;E_camaldulensis;600;49;8,4;8,5;;
55;24;E_camaldulensis;600;50;5,1;5,5;;
55;24;E_camaldulensis;600;51;8,4;8;;
55;24;E_camaldulensis;600;52;9,2;9;;
55;24;E_camaldulensis;600;53;9,1;8,5;;
55;24;E_camaldulensis;600;54;8,9;8,5;;
55;24;E_camaldulensis;600;55;8,8;8,5;;
55;24;E_camaldulensis;600;56;9,2;8,5;;
55;24;E_camaldulensis;600;57;10,3;10;;
55;24;E_camaldulensis;600;58;9,4;9,5;;
55;24;E_camaldulensis;600;59;8,4;8,5;;
55;24;E_camaldulensis;600;60;9,9;10,5;;
55;24;E_camaldulensis;600;61;;;1;
55;24;E_camaldulensis;600;62;8,4;8;;
55;24;E_camaldulensis;600;63;8,3;6,5;;
55;24;E_camaldulensis;600;64;3,5;5,5;9;
55;24;E_camaldulensis;600;65;8,9;9,5;;
55;24;E_camaldulensis;600;66;10;9,5;;
55;24;E_camaldulensis;600;67;8,1;9,5;;
55;24;E_camaldulensis;600;68;6,4;7,5;;
55;24;E_camaldulensis;600;69;8,3;8,5;;
55;24;E_camaldulensis;600;70;9,5;10,5;;
55;24;E_camaldulensis;600;71;8,6;9,2;;
55;24;E_camaldulensis;600;72;9,2;10;;
55;24;E_camaldulensis;600;73;8,6;9,5;;
55;24;E_camaldulensis;600;74;8,3;9;;
55;24;E_camaldulensis;600;75;8,1;7,5;;
55;24;E_camaldulensis;600;76;8,8;9;;
55;24;E_camaldulensis;600;77;9,1;9;;
55;24;E_camaldulensis;600;78;5,3;7;;
55;24;E_camaldulensis;600;79;8,6;9;;
55;24;E_camaldulensis;600;80;9,5;11;;
55;24;E_citriodora;600;1;7,2;8;;
55;24;E_citriodora;600;2;7,2;6;;
55;24;E_citriodora;600;3;7,5;8;;
55;24;E_citriodora;600;4;7,8;7,5;;
55;24;E_citriodora;600;5;;;1;
55;24;E_citriodora;600;6;6,5;7,5;;
55;24;E_citriodora;600;7;8,1;8,5;;
55;24;E_citriodora;600;8;8,4;9,5;;
55;24;E_citriodora;600;9;7,8;8,5;;
55;24;E_citriodora;600;10;6,8;9;;
55;24;E_citriodora;600;11;7,2;8,5;;
55;24;E_citriodora;600;12;9,1;9;6;
55;24;E_citriodora;600;13;5,6;6;;
55;24;E_citriodora;600;14;7,8;8;;
55;24;E_citriodora;600;15;7,8;9;;
55;24;E_citriodora;600;16;7;8;;
55;24;E_citriodora;600;17;6,8;6;;
55;24;E_citriodora;600;18;;;1;
55;24;E_citriodora;600;19;7,5;7,5;;
55;24;E_citriodora;600;20;7;8,5;;
55;24;E_citriodora;600;21;8,6;8;6;
55;24;E_citriodora;600;22;7,6;8,5;;
55;24;E_citriodora;600;23;7,8;8;;
55;24;E_citriodora;600;24;6,4;7,5;;
55;24;E_citriodora;600;25;5,7;6;;
55;24;E_citriodora;600;26;7,5;8;;
55;24;E_citriodora;600;27;7,6;7;;
55;24;E_citriodora;600;28;7,2;8,5;;
55;24;E_citriodora;600;29;8,8;8;6;
55;24;E_citriodora;600;30;;;1;
55;24;E_citriodora;600;31;;;1;
55;24;E_citriodora;600;32;7,8;7,5;;
55;24;E_citriodora;600;33;8,3;8,5;;
55;24;E_citriodora;600;34;7,2;7;;
55;24;E_citriodora;600;35;6,8;8;;
55;24;E_citriodora;600;36;7,6;8;;
55;24;E_citriodora;600;37;7,3;7,5;;
55;24;E_citriodora;600;38;8,1;8;;
55;24;E_citriodora;600;39;8;9;;
55;24;E_citriodora;600;40;8,1;7,5;;
55;24;E_citriodora;600;41;7;;;
55;24;E_citriodora;600;42;8,3;8,5;;
55;24;E_citriodora;600;43;8,6;9;6;
55;24;E_citriodora;600;44;7,8;7,5;;
55;24;E_citriodora;600;45;8;8,5;;
55;24;E_citriodora;600;46;3,8;4;7;9
55;24;E_citriodora;600;47;4,9;6;;
55;24;E_citriodora;600;48;8;8,5;;
55;24;E_citriodora;600;49;5,9;6;;
55;24;E_citriodora;600;50;8;8;;
55;24;E_citriodora;600;51;7,6;8;;
55;24;E_citriodora;600;52;8,1;7,5;;
55;24;E_citriodora;600;53;5,6;7,5;;
55;24;E_citriodora;600;54;7,8;7;;
55;24;E_citriodora;600;55;;;1;
55;24;E_citriodora;600;56;;;1;
55;24;E_citriodora;600;57;8,3;8,5;;
55;24;E_citriodora;600;58;8,9;8,5;6;
55;24;E_citriodora;600;59;7,2;6,5;;
55;24;E_citriodora;600;60;8,9;7,5;6;
55;24;E_citriodora;600;61;6,4;5,5;;
55;24;E_citriodora;600;62;7,3;8;;
55;24;E_citriodora;600;63;8;7,5;;
55;24;E_citriodora;600;64;7,3;6,5;;
55;24;E_citriodora;600;65;5,4;6,5;;
55;24;E_citriodora;600;66;8,6;7;;
55;24;E_citriodora;600;67;8,3;8,5;;
55;24;E_citriodora;600;68;6,2;6,5;;
55;24;E_citriodora;600;69;5,6;5,5;;
55;24;E_citriodora;600;70;;;1;
55;24;E_citriodora;600;71;;;1;
55;24;E_citriodora;600;72;6,7;8;;
55;24;E_citriodora;600;73;7;8;;
55;24;E_citriodora;600;74;8;;;
55;24;E_citriodora;600;75;3,3;5;7;9
55;24;E_citriodora;600;76;8,1;7,5;;
55;24;E_citriodora;600;77;4,5;5,5;;
55;24;E_citriodora;600;78;7,5;8;;
55;24;E_citriodora;600;79;7,3;8,5;;
55;24;E_citriodora;600;80;;;1;
55;24;E_cloeziana;382,5;1;8,1;6,5;;
55;24;E_cloeziana;382,5;2;;;1;
55;24;E_cloeziana;382,5;3;8,1;5;;
55;24;E_cloeziana;382,5;4;;;1;
55;24;E_cloeziana;382,5;5;;;1;
55;24;E_cloeziana;382,5;6;9,9;6;6;
55;24;E_cloeziana;382,5;7;;;1;
55;24;E_cloeziana;382,5;8;;2;9;
55;24;E_cloeziana;382,5;9;;;1;
55;24;E_cloeziana;382,5;10;;;1;
55;24;E_cloeziana;382,5;11;;;1;
55;24;E_cloeziana;382,5;12;;;1;
55;24;E_cloeziana;382,5;13;8,6;5,5;;
55;24;E_cloeziana;382,5;14;9,2;7,5;;
55;24;E_cloeziana;382,5;15;;;1;
55;24;E_cloeziana;382,5;16;9,7;7;6;
55;24;E_cloeziana;382,5;17;;;1;
55;24;E_cloeziana;382,5;18;;;1;
55;24;E_cloeziana;382,5;19;;;1;
55;24;E_cloeziana;382,5;20;7,5;5,5;;
55;24;E_cloeziana;382,5;21;8,8;6,5;;
55;24;E_cloeziana;382,5;22;8,1;7,5;;
55;24;E_cloeziana;382,5;23;7,3;6,5;;
55;24;E_cloeziana;382,5;24;9,2;8,5;;
55;24;E_cloeziana;382,5;25;;;1;
55;24;E_cloeziana;382,5;26;7,8;6,5;;
55;24;E_cloeziana;382,5;27;8,4;7,5;;
55;24;E_cloeziana;382,5;28;9,4;7,5;;
55;24;E_cloeziana;382,5;29;9,1;7,5;;
55;24;E_cloeziana;382,5;30;6,2;5;;
55;24;E_cloeziana;382,5;31;;;1;
55;24;E_cloeziana;382,5;32;;;1;
55;24;E_cloeziana;382,5;33;9,7;10;6;
55;24;E_cloeziana;382,5;34;;;1;
55;24;E_cloeziana;382,5;35;6,8;6,5;;
55;24;E_cloeziana;382,5;36;7,5;7;;
55;24;E_cloeziana;382,5;37;3,5;5;2;
55;24;E_cloeziana;382,5;38;;;1;
55;24;E_cloeziana;382,5;39;9,1;9,5;;
55;24;E_cloeziana;382,5;40;13,2;9,5;6;
55;24;E_cloeziana;382,5;41;8,6;7,5;;
55;24;E_cloeziana;382,5;42;6,8;7,5;;
55;24;E_cloeziana;382,5;43;9,1;6,5;;
55;24;E_cloeziana;382,5;44;;;1;
55;24;E_cloeziana;382,5;45;7,8;8,5;;
55;24;E_cloeziana;382,5;46;8,3;8;;
55;24;E_cloeziana;382,5;47;;;1;
55;24;E_cloeziana;382,5;48;8;8,5;;
55;24;E_cloeziana;382,5;49;9,4;9;;
55;24;E_cloeziana;382,5;50;6,8;8;;
55;24;E_cloeziana;382,5;51;8,6;8,5;;
55;24;E_dunnii_urophylla;600;1;8,1;8;;
55;24;E_dunnii_urophylla;600;2;7;7;;
55;24;E_dunnii_urophylla;600;3;9,5;8,5;;
55;24;E_dunnii_urophylla;600;4;7,3;5;;
55;24;E_dunnii_urophylla;600;5;12,4;11;6;
55;24;E_dunnii_urophylla;600;6;10,3;9;;
55;24;E_dunnii_urophylla;600;7;6,5;7,5;;
55;24;E_dunnii_urophylla;600;8;4,6;5,5;;
55;24;E_dunnii_urophylla;600;9;5,7;7,5;;
55;24;E_dunnii_urophylla;600;10;2,5;3,5;;
55;24;E_dunnii_urophylla;600;11;6,2;6,5;;
55;24;E_dunnii_urophylla;600;12;10,2;8;;
55;24;E_dunnii_urophylla;600;13;;;1;
55;24;E_dunnii_urophylla;600;14;;;1;
55;24;E_dunnii_urophylla;600;15;10,2;9;;
55;24;E_dunnii_urophylla;600;16;5,9;8,5;11;
55;24;E_dunnii_urophylla;600;17;9,1;9,5;;
55;24;E_dunnii_urophylla;600;18;4,9;6;;
55;24;E_dunnii_urophylla;600;19;8;8,5;11;
55;24;E_dunnii_urophylla;600;20;;1,5;9;
55;24;E_dunnii_urophylla;600;21;11,1;10;6;
55;24;E_dunnii_urophylla;600;22;9,5;10,5;;
55;24;E_dunnii_urophylla;600;23;8;9,5;;
55;24;E_dunnii_urophylla;600;24;10,8;11;;
55;24;E_dunnii_urophylla;600;25;6,8;7,5;;
55;24;E_dunnii_urophylla;600;26;6,8;8;;
55;24;E_dunnii_urophylla;600;27;;2;9;
55;24;E_dunnii_urophylla;600;28;9,7;11;;
55;24;E_dunnii_urophylla;600;29;10,5;11,5;;
55;24;E_dunnii_urophylla;600;30;10,3;9,5;;
55;24;E_dunnii_urophylla;600;31;10,8;10;;
55;24;E_dunnii_urophylla;600;32;4,1;7;;
55;24;E_dunnii_urophylla;600;33;3,7;5;;
55;24;E_dunnii_urophylla;600;34;5,4;5;;
55;24;E_dunnii_urophylla;600;35;10,7;9,5;;
55;24;E_dunnii_urophylla;600;36;8,6;9;;
55;24;E_dunnii_urophylla;600;37;7;9,5;;
55;24;E_dunnii_urophylla;600;38;10;10,5;;
55;24;E_dunnii_urophylla;600;39;8,9;8,5;;
55;24;E_dunnii_urophylla;600;40;5,7;8;;
55;24;E_dunnii_urophylla;600;41;11,1;11;6;
55;24;E_dunnii_urophylla;600;42;7,2;7;;
55;24;E_dunnii_urophylla;600;43;6,2;7;;
55;24;E_dunnii_urophylla;600;44;10;10;;
55;24;E_dunnii_urophylla;600;45;11;9,5;6;
55;24;E_dunnii_urophylla;600;46;8,6;10,5;;
55;24;E_dunnii_urophylla;600;47;4,1;6;;
55;24;E_dunnii_urophylla;600;48;13,4;12;6;
55;24;E_dunnii_urophylla;600;49;9,2;11;;
55;24;E_dunnii_urophylla;600;50;5,1;7;;
55;24;E_dunnii_urophylla;600;51;2,9;4;;
55;24;E_dunnii_urophylla;600;52;6,7;7,5;;
55;24;E_dunnii_urophylla;600;53;9,1;8,5;;
55;24;E_dunnii_urophylla;600;54;;;1;
55;24;E_dunnii_urophylla;600;55;7;8;;
55;24;E_dunnii_urophylla;600;56;4,3;5,5;;
55;24;E_dunnii_urophylla;600;57;7;8,5;;
55;24;E_dunnii_urophylla;600;58;7;8,5;;
55;24;E_dunnii_urophylla;600;59;6,4;5;;
55;24;E_dunnii_urophylla;600;60;10,2;9,5;;
55;24;E_dunnii_urophylla;600;61;6,2;6;;
55;24;E_dunnii_urophylla;600;62;8,1;6;;
55;24;E_dunnii_urophylla;600;63;;;1;
55;24;E_dunnii_urophylla;600;64;8,9;8,5;;
55;24;E_dunnii_urophylla;600;65;7,5;7;;
55;24;E_dunnii_urophylla;600;66;3,2;3,5;;
55;24;E_dunnii_urophylla;600;67;6,2;7,5;;
55;24;E_dunnii_urophylla;600;68;2,7;4;;
55;24;E_dunnii_urophylla;600;69;10,5;8;11;
55;24;E_dunnii_urophylla;600;70;1,6;3;9;
55;24;E_dunnii_urophylla;600;71;8,4;9,5;;
55;24;E_dunnii_urophylla;600;72;;1,5;9;
55;24;E_dunnii_urophylla;600;73;8,8;9;;
55;24;E_dunnii_urophylla;600;74;5,7;6,5;;
55;24;E_dunnii_urophylla;600;75;8,1;7;;
55;24;E_dunnii_urophylla;600;76;9,5;8,2;;
55;24;E_dunnii_urophylla;600;77;6;6;;
55;24;E_dunnii_urophylla;600;78;;;1;
55;24;E_dunnii_urophylla;600;79;7,6;8;;
55;24;E_dunnii_urophylla;600;80;11,5;10;6;
55;24;E_exserta;600;1;3,2;4;;
55;24;E_exserta;600;2;7,3;6;6;
55;24;E_exserta;600;3;4,9;6;;
55;24;E_exserta;600;4;6,7;6,5;11;
55;24;E_exserta;600;5;5,4;4;;
55;24;E_exserta;600;6;;;5;
55;24;E_exserta;600;7;6,4;4,5;;
55;24;E_exserta;600;8;2,5;3;;
55;24;E_exserta;600;9;2,5;3;;
55;24;E_exserta;600;10;5,9;4,5;;
55;24;E_exserta;600;11;1,6;3;9;
55;24;E_exserta;600;12;6;6;;
55;24;E_exserta;600;13;6,8;5;;
55;24;E_exserta;600;14;6,8;4,5;11;
55;24;E_exserta;600;15;8,9;7;6;
55;24;E_exserta;600;16;4,8;4,5;;
55;24;E_exserta;600;17;6,7;6,5;;
55;24;E_exserta;600;18;6,4;6,5;;
55;24;E_exserta;600;19;1,9;2,5;;
55;24;E_exserta;600;20;5,1;4;;
55;24;E_exserta;600;21;7,3;6,5;;
55;24;E_exserta;600;22;4,1;2,5;;
55;24;E_exserta;600;23;;;1;
55;24;E_exserta;600;24;4,5;3,5;;
55;24;E_exserta;600;25;8;7;6;
55;24;E_exserta;600;26;5,1;5;;
55;24;E_exserta;600;27;5,4;4;;
55;24;E_exserta;600;28;6,2;5,5;;
55;24;E_exserta;600;29;3,8;5;11;
55;24;E_exserta;600;30;7,6;6;6;
55;24;E_exserta;600;31;6,7;6;;
55;24;E_exserta;600;32;;;1;
55;24;E_exserta;600;33;5,9;5,5;;
55;24;E_exserta;600;34;5,9;5,5;;
55;24;E_exserta;600;35;4,3;5;;
55;24;E_exserta;600;36;5,1;4,5;;
55;24;E_exserta;600;37;3,2;3;;
55;24;E_exserta;600;38;1;2;9;
55;24;E_exserta;600;39;7,3;6;;
55;24;E_exserta;600;40;4,5;4,5;;
55;24;E_exserta;600;41;4,5;4;;
55;24;E_exserta;600;42;5,1;5;;
55;24;E_exserta;600;43;4,5;4,5;11;
55;24;E_exserta;600;44;4,5;4,5;;
55;24;E_exserta;600;45;4,5;4,5;;
55;24;E_exserta;600;46;8;6;6;
55;24;E_exserta;600;47;4;3,5;;
55;24;E_exserta;600;48;4,1;2,5;;
55;24;E_exserta;600;49;6,4;5,5;;
55;24;E_exserta;600;50;3,2;3;;
55;24;E_exserta;600;51;;;1;
55;24;E_exserta;600;52;3,3;3,5;2;
55;24;E_exserta;600;53;5,1;5;;
55;24;E_exserta;600;54;5,7;4;;
55;24;E_exserta;600;55;3,2;3,5;;
55;24;E_exserta;600;56;8,9;7,5;6;
55;24;E_exserta;600;57;3,7;4,5;;
55;24;E_exserta;600;58;6,7;6;;
55;24;E_exserta;600;59;;;1;
55;24;E_exserta;600;60;5,1;4,5;;
55;24;E_exserta;600;61;4,5;5;;
55;24;E_exserta;600;62;;;1;
55;24;E_exserta;600;63;3,3;3,5;;
55;24;E_exserta;600;64;3,8;3,5;;
55;24;E_exserta;600;65;5,4;;;
55;24;E_exserta;600;66;;;1;
55;24;E_exserta;600;67;6,5;7;;
55;24;E_exserta;600;68;6,4;6;;
55;24;E_exserta;600;69;5,6;5;;
55;24;E_exserta;600;70;;1,5;9;
55;24;E_exserta;600;71;6;5;11;
55;24;E_exserta;600;72;4,9;5,5;;
55;24;E_exserta;600;73;6,4;5;;
55;24;E_exserta;600;74;4,8;4;;
55;24;E_exserta;600;75;5,3;4;;
55;24;E_exserta;600;76;3,2;3;;
55;24;E_exserta;600;77;6,4;5;;
55;24;E_exserta;600;78;3,2;3;;
55;24;E_exserta;600;79;1,6;2;;
55;24;E_exserta;600;80;4,1;4,5;2;
55;24;E_grandis_AT;600;1;10,2;11,5;;
55;24;E_grandis_AT;600;2;11,9;12;6;
55;24;E_grandis_AT;600;3;4,5;7,5;9;
55;24;E_grandis_AT;600;4;6,8;9,5;;
55;24;E_grandis_AT;600;5;9,5;10;11;
55;24;E_grandis_AT;600;6;11,1;12;;
55;24;E_grandis_AT;600;7;11,9;12;6;
55;24;E_grandis_AT;600;8;5,9;9;;
55;24;E_grandis_AT;600;9;9,7;10,5;;
55;24;E_grandis_AT;600;10;11,6;11,5;;
55;24;E_grandis_AT;600;11;7,6;9,5;;
55;24;E_grandis_AT;600;12;7,3;9,5;;
55;24;E_grandis_AT;600;13;12,1;11,5;6;
55;24;E_grandis_AT;600;14;11,8;11,5;6;
55;24;E_grandis_AT;600;15;5,9;9;;
55;24;E_grandis_AT;600;16;9,5;10;;
55;24;E_grandis_AT;600;17;;;5;
55;24;E_grandis_AT;600;18;10,5;11;;
55;24;E_grandis_AT;600;19;4,8;6,5;7;9
55;24;E_grandis_AT;600;20;11,1;11,5;;
55;24;E_grandis_AT;600;21;10;11;;
55;24;E_grandis_AT;600;22;4,9;8;;
55;24;E_grandis_AT;600;23;10;11;;
55;24;E_grandis_AT;600;24;8,1;10,5;;
55;24;E_grandis_AT;600;25;8,1;11;;
55;24;E_grandis_AT;600;26;11,3;11;;
55;24;E_grandis_AT;600;27;7,2;10;;
55;24;E_grandis_AT;600;28;7,3;8,5;;
55;24;E_grandis_AT;600;29;11;11;11;
55;24;E_grandis_AT;600;30;10,5;10,5;;
55;24;E_grandis_AT;600;31;9,4;10,5;;
55;24;E_grandis_AT;600;32;11,9;11,5;6;
55;24;E_grandis_AT;600;33;5,4;8;11;
55;24;E_grandis_AT;600;34;8,6;9;;
55;24;E_grandis_AT;600;35;9,1;10;;
55;24;E_grandis_AT;600;36;10,8;9,5;;
55;24;E_grandis_AT;600;37;9,1;11,5;;
55;24;E_grandis_AT;600;38;10;10,5;;
55;24;E_grandis_AT;600;39;10,7;11;;
55;24;E_grandis_AT;600;40;11;10,5;;
55;24;E_grandis_AT;600;41;8;11;;
55;24;E_grandis_AT;600;42;10,8;10,5;;
55;24;E_grandis_AT;600;43;5,3;7,5;;
55;24;E_grandis_AT;600;44;10,5;11;;
55;24;E_grandis_AT;600;45;7,6;10;;
55;24;E_grandis_AT;600;46;9,9;10,5;;
55;24;E_grandis_AT;600;47;7,2;7;;
55;24;E_grandis_AT;600;48;9,7;9,5;;
55;24;E_grandis_AT;600;49;9,9;10;;
55;24;E_grandis_AT;600;50;10,8;11;;
55;24;E_grandis_AT;600;51;7,6;10;;
55;24;E_grandis_AT;600;52;10,7;11;;
55;24;E_grandis_AT;600;53;9,4;10,5;;
55;24;E_grandis_AT;600;54;10,2;10;;
55;24;E_grandis_AT;600;55;11,8;11;6;
55;24;E_grandis_AT;600;56;3,3;6;7;
55;24;E_grandis_AT;600;57;5,6;9;;
55;24;E_grandis_AT;600;58;9,1;9,5;;
55;24;E_grandis_AT;600;59;;;1;
55;24;E_grandis_AT;600;60;3,7;6,5;7;9
55;24;E_grandis_AT;600;61;11,3;10,5;;
55;24;E_grandis_AT;600;62;6;9;;
55;24;E_grandis_AT;600;63;8,9;9,5;11;
55;24;E_grandis_AT;600;64;10,7;10,5;;
55;24;E_grandis_AT;600;65;11;9,5;;
55;24;E_grandis_AT;600;66;9,5;11;11;
55;24;E_grandis_AT;600;67;9,1;10,5;;
55;24;E_grandis_AT;600;68;7,5;10;;
55;24;E_grandis_AT;600;69;9,5;11,5;;
55;24;E_grandis_AT;600;70;9,4;10,5;;
55;24;E_grandis_AT;600;71;10,8;10,5;;
55;24;E_grandis_AT;600;72;8,9;9,5;;
55;24;E_grandis_AT;600;73;8,6;10;;
55;24;E_grandis_AT;600;74;9,4;11,5;;
55;24;E_grandis_AT;600;75;10;12;;
55;24;E_grandis_AT;600;76;8,6;10;;
55;24;E_grandis_AT;600;77;11,1;13;;
55;24;E_grandis_AT;600;78;6,2;7;;
55;24;E_grandis_AT;600;79;8,8;10,5;;
55;24;E_grandis_AT;600;80;8,6;10,5;;
55;24;E_grandis_camaldulensis;600;1;8,6;10,5;;
55;24;E_grandis_camaldulensis;600;2;10,8;11,5;;
55;24;E_grandis_camaldulensis;600;3;9,9;9,5;;
55;24;E_grandis_camaldulensis;600;4;3;6;11;
55;24;E_grandis_camaldulensis;600;5;9,9;8;11;
55;24;E_grandis_camaldulensis;600;6;12,3;10,5;6;
55;24;E_grandis_camaldulensis;600;7;7,6;8,5;;
55;24;E_grandis_camaldulensis;600;8;1,8;2;7;2
55;24;E_grandis_camaldulensis;600;9;8,1;10;;
55;24;E_grandis_camaldulensis;600;10;1,6;;9;
55;24;E_grandis_camaldulensis;600;11;10,2;9;;
55;24;E_grandis_camaldulensis;600;12;7,6;9,5;;
55;24;E_grandis_camaldulensis;600;13;10,5;11;;
55;24;E_grandis_camaldulensis;600;14;6,2;8;;
55;24;E_grandis_camaldulensis;600;15;11,3;11,5;;
55;24;E_grandis_camaldulensis;600;16;10;10,5;;
55;24;E_grandis_camaldulensis;600;17;12,1;11,5;6;
55;24;E_grandis_camaldulensis;600;18;9,1;10;;
55;24;E_grandis_camaldulensis;600;19;8,6;8,5;;
55;24;E_grandis_camaldulensis;600;20;7,6;8;11;
55;24;E_grandis_camaldulensis;600;21;4,1;5,5;9;
55;24;E_grandis_camaldulensis;600;22;;;1;
55;24;E_grandis_camaldulensis;600;23;;;1;
55;24;E_grandis_camaldulensis;600;24;2,1;3;;
55;24;E_grandis_camaldulensis;600;25;11,9;10,5;6;
55;24;E_grandis_camaldulensis;600;26;6,7;7;;
55;24;E_grandis_camaldulensis;600;27;9,4;8,5;;
55;24;E_grandis_camaldulensis;600;28;7,5;9;;
55;24;E_grandis_camaldulensis;600;29;9,1;10;;
55;24;E_grandis_camaldulensis;600;30;;;1;
55;24;E_grandis_camaldulensis;600;31;10,7;11,5;;
55;24;E_grandis_camaldulensis;600;32;;;5;
55;24;E_grandis_camaldulensis;600;33;8,4;10,5;;
55;24;E_grandis_camaldulensis;600;34;4;3,5;;
55;24;E_grandis_camaldulensis;600;35;11,3;11;;
55;24;E_grandis_camaldulensis;600;36;5,3;7;;
55;24;E_grandis_camaldulensis;600;37;5,9;8;;
55;24;E_grandis_camaldulensis;600;38;5,9;7;11;
55;24;E_grandis_camaldulensis;600;39;8,3;8,5;;
55;24;E_grandis_camaldulensis;600;40;2,4;3;2;9
55;24;E_grandis_camaldulensis;600;41;10,2;9;;
55;24;E_grandis_camaldulensis;600;42;;;1;
55;24;E_grandis_camaldulensis;600;43;5,9;7,5;;
55;24;E_grandis_camaldulensis;600;44;7,6;9;;
55;24;E_grandis_camaldulensis;600;45;8,8;9;;
55;24;E_grandis_camaldulensis;600;46;3;4,5;11;
55;24;E_grandis_camaldulensis;600;47;11,1;12;;
55;24;E_grandis_camaldulensis;600;48;5,3;7;;
55;24;E_grandis_camaldulensis;600;49;11,8;11;;
55;24;E_grandis_camaldulensis;600;50;4,3;6;11;
55;24;E_grandis_camaldulensis;600;51;11,3;10,5;;
55;24;E_grandis_camaldulensis;600;52;8,8;8;;
55;24;E_grandis_camaldulensis;600;53;12,6;11,5;6;
55;24;E_grandis_camaldulensis;600;54;7;8,5;;
55;24;E_grandis_camaldulensis;600;55;11,5;11,5;;
55;24;E_grandis_camaldulensis;600;56;;;1;
55;24;E_grandis_camaldulensis;600;57;9,2;9;;
55;24;E_grandis_camaldulensis;600;58;12,3;12;6;
55;24;E_grandis_camaldulensis;600;59;1,6;3;7;9
55;24;E_grandis_camaldulensis;600;60;8,3;10;;
55;24;E_grandis_camaldulensis;600;61;5,9;6,5;;
55;24;E_grandis_camaldulensis;600;62;;;5;
55;24;E_grandis_camaldulensis;600;63;5,3;8;;
55;24;E_grandis_camaldulensis;600;64;10,5;11,5;;
55;24;E_grandis_camaldulensis;600;65;9,5;11;;
55;24;E_grandis_camaldulensis;600;66;11,3;11,5;;
55;24;E_grandis_camaldulensis;600;67;5,6;9;;
55;24;E_grandis_camaldulensis;600;68;11,1;10,5;;
55;24;E_grandis_camaldulensis;600;69;;;1;
55;24;E_grandis_camaldulensis;600;70;9,5;10,5;;
55;24;E_grandis_camaldulensis;600;71;8,8;8,5;;
55;24;E_grandis_camaldulensis;600;72;9,9;11,5;;
55;24;E_grandis_camaldulensis;600;73;8,3;9;;
55;24;E_grandis_camaldulensis;600;74;10,5;11;;
55;24;E_grandis_camaldulensis;600;75;;;5;
55;24;E_grandis_camaldulensis;600;76;;;1;
55;24;E_grandis_camaldulensis;600;77;13,4;12,5;6;
55;24;E_grandis_camaldulensis;600;78;4,3;3,5;9;
55;24;E_grandis_camaldulensis;600;79;2,9;6;2;9
55;24;E_grandis_camaldulensis;600;80;6,2;8,5;;
55;24;E_grandis_CH;600;1;11,5;11,5;6;
55;24;E_grandis_CH;600;2;8;11;;
55;24;E_grandis_CH;600;3;10,3;12;;
55;24;E_grandis_CH;600;4;10,5;10,5;;
55;24;E_grandis_CH;600;5;8,6;10;;
55;24;E_grandis_CH;600;6;9,4;11,5;;
55;24;E_grandis_CH;600;7;;;1;
55;24;E_grandis_CH;600;8;3,5;7,5;;
55;24;E_grandis_CH;600;9;10,7;12;;
55;24;E_grandis_CH;600;10;9,2;11;;
55;24;E_grandis_CH;600;11;6,7;10,5;;
55;24;E_grandis_CH;600;12;10;10,5;;
55;24;E_grandis_CH;600;13;6,8;10;;
55;24;E_grandis_CH;600;14;8,9;11;;
55;24;E_grandis_CH;600;15;10,2;11,5;;
55;24;E_grandis_CH;600;16;3,2;6;7;
55;24;E_grandis_CH;600;17;;;1;
55;24;E_grandis_CH;600;18;;;1;
55;24;E_grandis_CH;600;19;9,9;10,5;;
55;24;E_grandis_CH;600;20;8,9;11;;
55;24;E_grandis_CH;600;21;4,3;7;;
55;24;E_grandis_CH;600;22;9,2;11;;
55;24;E_grandis_CH;600;23;9,2;10,5;;
55;24;E_grandis_CH;600;24;8,6;9,5;;
55;24;E_grandis_CH;600;25;;;1;
55;24;E_grandis_CH;600;26;9,7;11,5;;
55;24;E_grandis_CH;600;27;12,4;12,5;6;
55;24;E_grandis_CH;600;28;;;1;
55;24;E_grandis_CH;600;29;10;10;;
55;24;E_grandis_CH;600;30;10,8;11;;
55;24;E_grandis_CH;600;31;;;1;
55;24;E_grandis_CH;600;32;7,8;9,5;11;
55;24;E_grandis_CH;600;33;9,4;10,5;;
55;24;E_grandis_CH;600;34;8,4;9,5;;
55;24;E_grandis_CH;600;35;10,5;10,5;;
55;24;E_grandis_CH;600;36;7,8;8,5;;
55;24;E_grandis_CH;600;37;10,7;11;;
55;24;E_grandis_CH;600;38;9,2;10,5;;
55;24;E_grandis_CH;600;39;9,9;10;;
55;24;E_grandis_CH;600;40;8;10,5;;
55;24;E_grandis_CH;600;41;9,7;12;;
55;24;E_grandis_CH;600;42;10,3;11,5;;
55;24;E_grandis_CH;600;43;;;1;
55;24;E_grandis_CH;600;44;10,2;11,5;;
55;24;E_grandis_CH;600;45;11,3;;6;
55;24;E_grandis_CH;600;46;;;5;
55;24;E_grandis_CH;600;47;;;1;
55;24;E_grandis_CH;600;48;11,8;13;6;
55;24;E_grandis_CH;600;49;8,3;10,5;;
55;24;E_grandis_CH;600;50;11,3;10,5;;
55;24;E_grandis_CH;600;51;9,2;11,5;;
55;24;E_grandis_CH;600;52;5,7;7,5;11;
55;24;E_grandis_CH;600;53;8,9;11;;
55;24;E_grandis_CH;600;54;10;11,5;;
55;24;E_grandis_CH;600;55;10,5;9,5;;
55;24;E_grandis_CH;600;56;;;5;
55;24;E_grandis_CH;600;57;10,7;12;;
55;24;E_grandis_CH;600;58;7;8,5;;
55;24;E_grandis_CH;600;59;9,5;12;;
55;24;E_grandis_CH;600;60;9,2;8,5;;
55;24;E_grandis_CH;600;61;11,6;12;6;
55;24;E_grandis_CH;600;62;1,8;4;7;9
55;24;E_grandis_CH;600;63;11,6;11,5;6;
55;24;E_grandis_CH;600;64;7;10,5;;
55;24;E_grandis_CH;600;65;10,3;12;;
55;24;E_grandis_CH;600;66;9,4;10,5;;
55;24;E_grandis_CH;600;67;10;11,5;;
55;24;E_grandis_CH;600;68;10,2;11;;
55;24;E_grandis_CH;600;69;8,4;10;;
55;24;E_grandis_CH;600;70;9,1;10;;
55;24;E_grandis_CH;600;71;6,4;8;;
55;24;E_grandis_CH;600;72;9,5;10;;
55;24;E_grandis_CH;600;73;9,7;11;;
55;24;E_grandis_CH;600;74;8,6;11;;
55;24;E_grandis_CH;600;75;2,9;4;7;
55;24;E_grandis_CH;600;76;7;6,5;;
55;24;E_grandis_CH;600;77;9,7;11;;
55;24;E_grandis_CH;600;78;9,2;10,5;;
55;24;E_grandis_CH;600;79;10,7;12;;
55;24;E_grandis_CH;600;80;10,2;11;;
55;24;E_grandis_urophylla;600;1;;;1;
55;24;E_grandis_urophylla;600;2;5,1;7,5;;
55;24;E_grandis_urophylla;600;3;10,3;10;11;
55;24;E_grandis_urophylla;600;4;;;1;
55;24;E_grandis_urophylla;600;5;11,5;11,5;;
55;24;E_grandis_urophylla;600;6;10,7;10,5;11;
55;24;E_grandis_urophylla;600;7;10,2;10,5;;
55;24;E_grandis_urophylla;600;8;8,4;8,5;;
55;24;E_grandis_urophylla;600;9;10,5;10,5;;
55;24;E_grandis_urophylla;600;10;1,6;3;7;9
55;24;E_grandis_urophylla;600;11;11,6;11,5;;
55;24;E_grandis_urophylla;600;12;11,9;11;6;
55;24;E_grandis_urophylla;600;13;9,2;9,5;;
55;24;E_grandis_urophylla;600;14;11,8;11,5;6;
55;24;E_grandis_urophylla;600;15;8,4;9,5;;
55;24;E_grandis_urophylla;600;16;10,3;10,5;11;
55;24;E_grandis_urophylla;600;17;8;9;;
55;24;E_grandis_urophylla;600;18;6,2;8;;
55;24;E_grandis_urophylla;600;19;11;10,5;11;
55;24;E_grandis_urophylla;600;20;8,9;10,5;;
55;24;E_grandis_urophylla;600;21;8,9;10,5;;
55;24;E_grandis_urophylla;600;22;10,2;11;;
55;24;E_grandis_urophylla;600;23;4,6;7,5;11;
55;24;E_grandis_urophylla;600;24;9,5;10;;
55;24;E_grandis_urophylla;600;25;;;1;
55;24;E_grandis_urophylla;600;26;11,8;10,5;6;
55;24;E_grandis_urophylla;600;27;11,5;10;;
55;24;E_grandis_urophylla;600;28;5,6;7;;
55;24;E_grandis_urophylla;600;29;10,2;12;;
55;24;E_grandis_urophylla;600;30;9,2;11,5;;
55;24;E_grandis_urophylla;600;31;9,9;11,5;;
55;24;E_grandis_urophylla;600;32;10,3;10,5;;
55;24;E_grandis_urophylla;600;33;8,3;9,5;;
55;24;E_grandis_urophylla;600;34;9,2;9,5;;
55;24;E_grandis_urophylla;600;35;9,1;9;;
55;24;E_grandis_urophylla;600;36;7;8,5;;
55;24;E_grandis_urophylla;600;37;8,6;9;;
55;24;E_grandis_urophylla;600;38;7,3;9;11;
55;24;E_grandis_urophylla;600;39;9,5;9,5;;
55;24;E_grandis_urophylla;600;40;9,4;10;;
55;24;E_grandis_urophylla;600;41;10,3;11,5;;
55;24;E_grandis_urophylla;600;42;7;9;;
55;24;E_grandis_urophylla;600;43;9,1;9,5;;
55;24;E_grandis_urophylla;600;44;11,1;10,5;;
55;24;E_grandis_urophylla;600;45;11,8;12;6;
55;24;E_grandis_urophylla;600;46;11,9;11,5;6;
55;24;E_grandis_urophylla;600;47;9,4;10;;
55;24;E_grandis_urophylla;600;48;10,2;10;;
55;24;E_grandis_urophylla;600;49;9,9;8,5;;
55;24;E_grandis_urophylla;600;50;8,8;9,5;;
55;24;E_grandis_urophylla;600;51;10,2;11,5;;
55;24;E_grandis_urophylla;600;52;8,9;10,5;;
55;24;E_grandis_urophylla;600;53;9,2;9,5;;
55;24;E_grandis_urophylla;600;54;9,7;9,5;;
55;24;E_grandis_urophylla;600;55;10;10,5;;
55;24;E_grandis_urophylla;600;56;7,2;9,5;;
55;24;E_grandis_urophylla;600;57;4,1;4;7;
55;24;E_grandis_urophylla;600;58;8,1;9,5;;
55;24;E_grandis_urophylla;600;59;9,1;10;;
55;24;E_grandis_urophylla;600;60;8,4;9;;
55;24;E_grandis_urophylla;600;61;11,6;10;;
55;24;E_grandis_urophylla;600;62;8;7,5;;
55;24;E_grandis_urophylla;600;63;5,7;7,5;;
55;24;E_grandis_urophylla;600;64;4,1;8;11;9
55;24;E_grandis_urophylla;600;65;4,3;5,5;7;
55;24;E_grandis_urophylla;600;66;10,5;9,5;;
55;24;E_grandis_urophylla;600;67;6,5;8,5;;
55;24;E_grandis_urophylla;600;68;9,4;9,5;;
55;24;E_grandis_urophylla;600;69;;;1;
55;24;E_grandis_urophylla;600;70;;;1;
55;24;E_grandis_urophylla;600;71;10,3;11;;
55;24;E_grandis_urophylla;600;72;;;1;
55;24;E_grandis_urophylla;600;73;8,9;10,5;11;
55;24;E_grandis_urophylla;600;74;7,8;9,5;;
55;24;E_grandis_urophylla;600;75;12,3;11,5;6;
55;24;E_grandis_urophylla;600;76;10;9;;
55;24;E_grandis_urophylla;600;77;8,9;12;;
55;24;E_grandis_urophylla;600;78;7,8;11,5;;
55;24;E_grandis_urophylla;600;79;9,9;11,5;;
55;24;E_grandis_urophylla;600;80;9,5;11;;
55;24;E_maculata;600;1;10;8,5;6;
55;24;E_maculata;600;2;1,6;1,5;7;9
55;24;E_maculata;600;3;7;7,5;;
55;24;E_maculata;600;4;9,5;7,5;6;
55;24;E_maculata;600;5;5,7;6;;
55;24;E_maculata;600;6;9,2;8,5;;
55;24;E_maculata;600;7;7,3;7,5;;
55;24;E_maculata;600;8;6,8;8;;
55;24;E_maculata;600;9;8,4;8;;
55;24;E_maculata;600;10;7,3;7,5;;
55;24;E_maculata;600;11;7,2;6;;
55;24;E_maculata;600;12;8;7;;
55;24;E_maculata;600;13;7,8;7,5;;
55;24;E_maculata;600;14;9,7;8,5;6;
55;24;E_maculata;600;15;7,3;8,5;;
55;24;E_maculata;600;16;7,5;9;;
55;24;E_maculata;600;17;8,9;8,5;;
55;24;E_maculata;600;18;6,7;6,5;;
55;24;E_maculata;600;19;6,7;6,5;;
55;24;E_maculata;600;20;7,2;7,5;;
55;24;E_maculata;600;21;8,8;6,5;;
55;24;E_maculata;600;22;4,6;4,5;;
55;24;E_maculata;600;23;9,4;8;;
55;24;E_maculata;600;24;7,8;6;;
55;24;E_maculata;600;25;6,8;9;;
55;24;E_maculata;600;26;8,6;8;;
55;24;E_maculata;600;27;8,6;7,5;;
55;24;E_maculata;600;28;7,2;7;;
55;24;E_maculata;600;29;;2;9;
55;24;E_maculata;600;30;8;8,2;;
55;24;E_maculata;600;31;6,8;7,5;;
55;24;E_maculata;600;32;8,8;8,2;;
55;24;E_maculata;600;33;7,5;7;;
55;24;E_maculata;600;34;8,4;7,5;;
55;24;E_maculata;600;35;;;1;
55;24;E_maculata;600;36;7,3;7,5;;
55;24;E_maculata;600;37;;;1;
55;24;E_maculata;600;38;7,6;8;;
55;24;E_maculata;600;39;8,4;7,5;;
55;24;E_maculata;600;40;5,6;6;;
55;24;E_maculata;600;41;7,5;6,5;;
55;24;E_maculata;600;42;8,3;6;;
55;24;E_maculata;600;43;6,7;6;;
55;24;E_maculata;600;44;6,2;6,5;;
55;24;E_maculata;600;45;3,5;4;9;
55;24;E_maculata;600;46;8,3;8;;
55;24;E_maculata;600;47;3;3,5;7;9
55;24;E_maculata;600;48;9,1;9,5;11;
55;24;E_maculata;600;49;8,4;8,5;;
55;24;E_maculata;600;50;9,1;8,5;;
55;24;E_maculata;600;51;8,8;8;;
55;24;E_maculata;600;52;9,1;8;;
55;24;E_maculata;600;53;8,8;8,5;;
55;24;E_maculata;600;54;4,5;5;9;
55;24;E_maculata;600;55;8,9;7;;
55;24;E_maculata;600;56;7,5;6,5;;
55;24;E_maculata;600;57;7,3;7;;
55;24;E_maculata;600;58;7,3;7;;
55;24;E_maculata;600;59;4,8;5;;
55;24;E_maculata;600;60;6,7;7;11;
55;24;E_maculata;600;61;6,2;6;;
55;24;E_maculata;600;62;7,8;7;;
55;24;E_maculata;600;63;;;1;
55;24;E_maculata;600;64;10,3;10;6;
55;24;E_maculata;600;65;;;1;
55;24;E_maculata;600;66;5,1;5,5;;
55;24;E_maculata;600;67;3,7;5;9;
55;24;E_maculata;600;68;7,3;7,5;;
55;24;E_maculata;600;69;9,4;8,5;;
55;24;E_maculata;600;70;;;1;
55;24;E_maculata;600;71;8,6;7,5;;
55;24;E_maculata;600;72;;;1;
55;24;E_maculata;600;73;7,3;7;;
55;24;E_maculata;600;74;;;5;
55;24;E_maculata;600;75;;1,5;9;
55;24;E_maculata;600;76;9,1;7,5;;
55;24;E_maculata;600;77;4,5;5,5;;
55;24;E_maculata;600;78;7,5;8;;
55;24;E_maculata;600;79;9,5;10;6;
55;24;E_maculata;600;80;11,6;10;6;
55;24;E_paniculata;600;1;3,5;5;;
55;24;E_paniculata;600;2;;;1;
55;24;E_paniculata;600;3;;2;9;
55;24;E_paniculata;600;4;3,8;4,5;;
55;24;E_paniculata;600;5;;;1;
55;24;E_paniculata;600;6;;1;9;
55;24;E_paniculata;600;7;7,2;7;;
55;24;E_paniculata;600;8;8;6,5;6;
55;24;E_paniculata;600;9;6,4;5;;
55;24;E_paniculata;600;10;4,8;4,5;;
55;24;E_paniculata;600;11;6,5;;4;
55;24;E_paniculata;600;12;5,9;5,5;;
55;24;E_paniculata;600;13;7,6;6,5;;
55;24;E_paniculata;600;14;5,7;;;
55;24;E_paniculata;600;15;;;1;
55;24;E_paniculata;600;16;7,2;6;;
55;24;E_paniculata;600;17;;;5;
55;24;E_paniculata;600;18;6,7;6,5;;
55;24;E_paniculata;600;19;8,3;7;6;
55;24;E_paniculata;600;20;6,5;7;;
55;24;E_paniculata;600;21;4,6;4,5;;
55;24;E_paniculata;600;22;6,8;5,5;;
55;24;E_paniculata;600;23;6,5;5;;
55;24;E_paniculata;600;24;4,9;6,5;;
55;24;E_paniculata;600;25;6,2;6,5;;
55;24;E_paniculata;600;26;4,9;5,5;;
55;24;E_paniculata;600;27;9,3;9;6;
55;24;E_paniculata;600;28;6,7;6,5;;
55;24;E_paniculata;600;29;5,7;5,5;;
55;24;E_paniculata;600;30;5,7;7,5;;
55;24;E_paniculata;600;31;7,3;6,5;;
55;24;E_paniculata;600;32;7,6;7,5;;
55;24;E_paniculata;600;33;6;6,5;;
55;24;E_paniculata;600;34;6;6;;
55;24;E_paniculata;600;35;6,4;7;;
55;24;E_paniculata;600;36;6,5;6,5;;
55;24;E_paniculata;600;37;10;9;6;
55;24;E_paniculata;600;38;5,6;5;;
55;24;E_paniculata;600;39;6;6,5;;
55;24;E_paniculata;600;40;7,6;7,5;;
55;24;E_paniculata;600;41;4,9;5;;
55;24;E_paniculata;600;42;6,2;5,5;11;
55;24;E_paniculata;600;43;6,5;6;;
55;24;E_paniculata;600;44;7,5;7,5;;
55;24;E_paniculata;600;45;7,2;5,5;;
55;24;E_paniculata;600;46;6,1;6;;
55;24;E_paniculata;600;47;6,8;7;;
55;24;E_paniculata;600;48;5,4;6;;
55;24;E_paniculata;600;49;7,5;8;;
55;24;E_paniculata;600;50;6,5;6,5;;
55;24;E_paniculata;600;51;6;7;11;
55;24;E_paniculata;600;52;6,2;6,5;;
55;24;E_paniculata;600;53;6,4;5;;
55;24;E_paniculata;600;54;6,8;5,5;;
55;24;E_paniculata;600;55;5,4;;4;
55;24;E_paniculata;600;56;5,9;5;;
55;24;E_paniculata;600;57;4,9;4,5;;
55;24;E_paniculata;600;58;7;7;;
55;24;E_paniculata;600;59;5,1;4,5;;
55;24;E_paniculata;600;60;6,8;7;;
55;24;E_paniculata;600;61;;2;2;9
55;24;E_paniculata;600;62;7,8;9;6;
55;24;E_paniculata;600;63;7,2;7;;
55;24;E_paniculata;600;64;6,8;7;;
55;24;E_paniculata;600;65;7,5;7,5;;
55;24;E_paniculata;600;66;5,9;7,5;;
55;24;E_paniculata;600;67;3,8;5,5;;
55;24;E_paniculata;600;68;5,4;5;;
55;24;E_paniculata;600;69;6,7;6;;
55;24;E_paniculata;600;70;7;6,5;;
55;24;E_paniculata;600;71;5,3;6;;
55;24;E_paniculata;600;72;5,9;7;;
55;24;E_paniculata;600;73;7,2;8;;
55;24;E_paniculata;600;74;6,5;6;;
55;24;E_paniculata;600;75;5,6;5,5;;
55;24;E_paniculata;600;76;;;5;
55;24;E_paniculata;600;77;8;8,5;6;
55;24;E_paniculata;600;78;7,3;8;;
55;24;E_paniculata;600;79;6,8;4,5;;
55;24;E_paniculata;600;80;6;6,5;;
55;24;E_pellita;600;1;6,4;8;;
55;24;E_pellita;600;2;8,1;8,5;;
55;24;E_pellita;600;3;3,3;5;2;
55;24;E_pellita;600;4;8,1;9;;
55;24;E_pellita;600;5;8,4;8,5;;
55;24;E_pellita;600;6;8,9;8,5;;
55;24;E_pellita;600;7;8;9;;
55;24;E_pellita;600;8;8,6;7,5;;
55;24;E_pellita;600;9;8;8,5;;
55;24;E_pellita;600;10;9,2;8;11;
55;24;E_pellita;600;11;8,3;8,5;2;
55;24;E_pellita;600;12;8;8,5;;
55;24;E_pellita;600;13;10,8;10;;
55;24;E_pellita;600;14;10,5;9;;
55;24;E_pellita;600;15;;;1;
55;24;E_pellita;600;16;11,8;10,5;6;
55;24;E_pellita;600;17;10,2;9,5;;
55;24;E_pellita;600;18;6,7;6,5;;
55;24;E_pellita;600;19;8,1;7,5;;
55;24;E_pellita;600;20;8,3;8;;
55;24;E_pellita;600;21;9,9;8,5;;
55;24;E_pellita;600;22;10,7;9,5;;
55;24;E_pellita;600;23;9,7;9;;
55;24;E_pellita;600;24;;;5;
55;24;E_pellita;600;25;9,5;8,5;;
55;24;E_pellita;600;26;6,7;6;7;
55;24;E_pellita;600;27;8,6;8;;
55;24;E_pellita;600;28;7,6;8,5;;
55;24;E_pellita;600;29;6,4;6,5;;
55;24;E_pellita;600;30;6,8;8;;
55;24;E_pellita;600;31;9,2;9;;
55;24;E_pellita;600;32;11,5;11,5;6;
55;24;E_pellita;600;33;3,8;4,5;;
55;24;E_pellita;600;34;8,3;8;;
55;24;E_pellita;600;35;6,4;6;11;
55;24;E_pellita;600;36;9,9;10;;
55;24;E_pellita;600;37;8,6;8;2;
55;24;E_pellita;600;38;9,1;8,5;;
55;24;E_pellita;600;39;2,1;2,5;7;9
55;24;E_pellita;600;40;9,1;9;;
55;24;E_pellita;600;41;9,7;9;;
55;24;E_pellita;600;42;5,4;6;;
55;24;E_pellita;600;43;6;6,5;11;
55;24;E_pellita;600;44;7,5;8;;
55;24;E_pellita;600;45;6,8;7,5;;
55;24;E_pellita;600;46;7,3;8;;
55;24;E_pellita;600;47;6,7;7,5;;
55;24;E_pellita;600;48;11;10;6;
55;24;E_pellita;600;49;6,5;8;11;
55;24;E_pellita;600;50;9,7;9;;
55;24;E_pellita;600;51;9,5;7,5;;
55;24;E_pellita;600;52;7;7;;
55;24;E_pellita;600;53;12,9;9,5;6;
55;24;E_pellita;600;54;10,3;9,5;;
55;24;E_pellita;600;55;8;7,5;;
55;24;E_pellita;600;56;8,4;8,5;;
55;24;E_pellita;600;57;4,3;5;;
55;24;E_pellita;600;58;;;1;
55;24;E_pellita;600;59;4,9;3,5;4;
55;24;E_pellita;600;60;7,3;7;;
55;24;E_pellita;600;61;7;8;;
55;24;E_pellita;600;62;9,7;9;;
55;24;E_pellita;600;63;;;1;
55;24;E_pellita;600;64;8,1;9;;
55;24;E_pellita;600;65;11,8;10;6;
55;24;E_pellita;600;66;9,2;9;;
55;24;E_pellita;600;67;10,2;10;;
55;24;E_pellita;600;68;2,9;3,5;7;9
55;24;E_pellita;600;69;;;1;
55;24;E_pellita;600;70;12,1;10,5;6;
55;24;E_pellita;600;71;9,9;10,5;;
55;24;E_pellita;600;72;9,5;9,5;;
55;24;E_pellita;600;73;5,6;7;;
55;24;E_pellita;600;74;9,1;9,5;;
55;24;E_pellita;600;75;8,1;8,5;;
55;24;E_pellita;600;76;10,3;9;;
55;24;E_pellita;600;77;;2;9;
55;24;E_pellita;600;78;;;1;
55;24;E_pellita;600;79;10,2;10;;
55;24;E_pellita;600;80;6,8;8;;
55;24;E_phaeotricha;525;1;6,7;5,5;;
55;24;E_phaeotricha;525;2;7,6;6,5;;
55;24;E_phaeotricha;525;3;;;1;
55;24;E_phaeotricha;525;4;;;1;
55;24;E_phaeotricha;525;5;5,7;6;2;
55;24;E_phaeotricha;525;6;;;1;
55;24;E_phaeotricha;525;7;;;1;
55;24;E_phaeotricha;525;8;;;1;
55;24;E_phaeotricha;525;9;7,2;5,5;;
55;24;E_phaeotricha;525;10;;;1;
55;24;E_phaeotricha;525;11;8,9;7;;
55;24;E_phaeotricha;525;12;9,7;7,5;6;
55;24;E_phaeotricha;525;13;;;1;
55;24;E_phaeotricha;525;14;8,4;5,5;;
55;24;E_phaeotricha;525;15;7;6;11;
55;24;E_phaeotricha;525;16;10,7;6,5;6;
55;24;E_phaeotricha;525;17;8;7;;
55;24;E_phaeotricha;525;18;8,1;6,5;;
55;24;E_phaeotricha;525;19;5,7;5,5;;
55;24;E_phaeotricha;525;20;8,4;6;;
55;24;E_phaeotricha;525;21;4,5;4,5;;
55;24;E_phaeotricha;525;22;8,3;6,5;;
55;24;E_phaeotricha;525;23;8,6;5,5;11;
55;24;E_phaeotricha;525;24;7,3;5,5;;
55;24;E_phaeotricha;525;25;6,2;6;;
55;24;E_phaeotricha;525;26;4,5;5;;
55;24;E_phaeotricha;525;27;;1,2;9;
55;24;E_phaeotricha;525;28;11,5;6,5;6;
55;24;E_phaeotricha;525;29;8,3;6,5;;
55;24;E_phaeotricha;525;30;8,9;6,5;;
55;24;E_phaeotricha;525;31;5,7;5;11;
55;24;E_phaeotricha;525;32;6,4;6;;
55;24;E_phaeotricha;525;33;9,1;7;;
55;24;E_phaeotricha;525;34;6,7;5;11;
55;24;E_phaeotricha;525;35;7;6;;
55;24;E_phaeotricha;525;36;;;1;
55;24;E_phaeotricha;525;37;7,3;6;;
55;24;E_phaeotricha;525;38;9,4;6;6;
55;24;E_phaeotricha;525;39;3,5;4,5;;
55;24;E_phaeotricha;525;40;4,3;4,5;11;
55;24;E_phaeotricha;525;41;;;1;
55;24;E_phaeotricha;525;42;8,3;6;;
55;24;E_phaeotricha;525;43;4,3;4;;
55;24;E_phaeotricha;525;44;;;1;
55;24;E_phaeotricha;525;45;;;1;
55;24;E_phaeotricha;525;46;;;1;
55;24;E_phaeotricha;525;47;;;1;
55;24;E_phaeotricha;525;48;;;1;
55;24;E_phaeotricha;525;49;;;1;
55;24;E_phaeotricha;525;50;5,9;5;;
55;24;E_phaeotricha;525;51;;;1;
55;24;E_phaeotricha;525;52;;;1;
55;24;E_phaeotricha;525;53;;;1;
55;24;E_phaeotricha;525;54;8,8;6,5;;
55;24;E_phaeotricha;525;55;;;1;
55;24;E_phaeotricha;525;56;6,4;5,5;;
55;24;E_phaeotricha;525;57;;;1;
55;24;E_phaeotricha;525;58;5,7;5,5;;
55;24;E_phaeotricha;525;59;5,7;4,5;;
55;24;E_phaeotricha;525;60;9,2;6,5;6;
55;24;E_phaeotricha;525;61;;;1;
55;24;E_phaeotricha;525;62;;;1;
55;24;E_phaeotricha;525;63;;;1;
55;24;E_phaeotricha;525;64;;;1;
55;24;E_phaeotricha;525;65;;;1;
55;24;E_phaeotricha;525;66;8,3;6;;
55;24;E_phaeotricha;525;67;9,1;7;;
55;24;E_phaeotricha;525;68;;;1;
55;24;E_phaeotricha;525;69;8;6;;
55;24;E_phaeotricha;525;70;;;1;
55;24;E_platyphylla;600;1;9,1;11;;
55;24;E_platyphylla;600;2;8,4;7,5;11;
55;24;E_platyphylla;600;3;8;8;;
55;24;E_platyphylla;600;4;9,1;9,5;;
55;24;E_platyphylla;600;5;6;8,5;;
55;24;E_platyphylla;600;6;8,3;7,5;11;
55;24;E_platyphylla;600;7;9,7;10,5;;
55;24;E_platyphylla;600;8;8,3;9;11;
55;24;E_platyphylla;600;9;9,9;12;;
55;24;E_platyphylla;600;10;11,8;11;6;
55;24;E_platyphylla;600;11;7,8;9;;
55;24;E_platyphylla;600;12;11,9;11;6;
55;24;E_platyphylla;600;13;10,3;10,5;;
55;24;E_platyphylla;600;14;11;11;;
55;24;E_platyphylla;600;15;10,3;9;;
55;24;E_platyphylla;600;16;6,4;6,5;;
55;24;E_platyphylla;600;17;11,1;10,5;6;
55;24;E_platyphylla;600;18;10,7;11;;
55;24;E_platyphylla;600;19;4,5;5;7;9
55;24;E_platyphylla;600;20;10,3;10,5;;
55;24;E_platyphylla;600;21;10,3;11;;
55;24;E_platyphylla;600;22;10,5;10,5;;
55;24;E_platyphylla;600;23;12,1;12;6;
55;24;E_platyphylla;600;24;5,3;8;;
55;24;E_platyphylla;600;25;9,4;8,5;;
55;24;E_platyphylla;600;26;8;8,5;;
55;24;E_platyphylla;600;27;9,7;11,5;;
55;24;E_platyphylla;600;28;9,9;10,5;;
55;24;E_platyphylla;600;29;8,4;8;;
55;24;E_platyphylla;600;30;6,8;8,5;;
55;24;E_platyphylla;600;31;9,7;9;;
55;24;E_platyphylla;600;32;4,9;7;;
55;24;E_platyphylla;600;33;10,3;11,5;;
55;24;E_platyphylla;600;34;11,1;10,5;;
55;24;E_platyphylla;600;35;8,3;10;;
55;24;E_platyphylla;600;36;10;11;;
55;24;E_platyphylla;600;37;6,8;6,5;11;
55;24;E_platyphylla;600;38;8;9,5;;
55;24;E_platyphylla;600;39;6,5;7,5;11;
55;24;E_platyphylla;600;40;9,5;8,5;;
55;24;E_platyphylla;600;41;8;9,5;;
55;24;E_platyphylla;600;42;7,6;9,5;;
55;24;E_platyphylla;600;43;9,9;10;;
55;24;E_platyphylla;600;44;9,2;8,5;;
55;24;E_platyphylla;600;45;11,3;12;6;
55;24;E_platyphylla;600;46;10,2;10,5;;
55;24;E_platyphylla;600;47;7,5;9;;
55;24;E_platyphylla;600;48;7,6;8,5;;
55;24;E_platyphylla;600;49;9,9;8;;
55;24;E_platyphylla;600;50;10,3;9;;
55;24;E_platyphylla;600;51;9,9;8,5;;
55;24;E_platyphylla;600;52;8,6;9;;
55;24;E_platyphylla;600;53;8,6;8,5;11;
55;24;E_platyphylla;600;54;4,5;7;;
55;24;E_platyphylla;600;55;9,4;11,5;;
55;24;E_platyphylla;600;56;10,3;10;11;
55;24;E_platyphylla;600;57;9,7;11;;
55;24;E_platyphylla;600;58;7,2;7;;
55;24;E_platyphylla;600;59;9,1;10;11;
55;24;E_platyphylla;600;60;11,9;9,5;6;
55;24;E_platyphylla;600;61;;;1;
55;24;E_platyphylla;600;62;8,4;10,5;;
55;24;E_platyphylla;600;63;6,7;8,5;11;
55;24;E_platyphylla;600;64;7,2;8;11;
55;24;E_platyphylla;600;65;11;11,5;;
55;24;E_platyphylla;600;66;8,4;9;;
55;24;E_platyphylla;600;67;10,7;11;;
55;24;E_platyphylla;600;68;8,4;9,5;;
55;24;E_platyphylla;600;69;9,2;11;;
55;24;E_platyphylla;600;70;11;10,5;;
55;24;E_platyphylla;600;71;10;10;;
55;24;E_platyphylla;600;72;7;8;;
55;24;E_platyphylla;600;73;9,2;10,5;;
55;24;E_platyphylla;600;74;8,3;7,5;11;
55;24;E_platyphylla;600;75;8,8;11;;
55;24;E_platyphylla;600;76;9,7;10;;
55;24;E_platyphylla;600;77;8,8;9,5;;
55;24;E_platyphylla;600;78;9,5;8,5;11;
55;24;E_platyphylla;600;79;;;1;
55;24;E_platyphylla;600;80;9,5;10,5;;
55;24;E_propinqua;600;1;9,4;8;;
55;24;E_propinqua;600;2;7,8;8,5;;
55;24;E_propinqua;600;3;4,1;6;11;
55;24;E_propinqua;600;4;9,7;10,5;;
55;24;E_propinqua;600;5;8,8;10,5;;
55;24;E_propinqua;600;6;7,3;8,5;;
55;24;E_propinqua;600;7;9,5;10;;
55;24;E_propinqua;600;8;9,5;10,5;;
55;24;E_propinqua;600;9;6,5;8,5;11;
55;24;E_propinqua;600;10;5,9;7,5;;
55;24;E_propinqua;600;11;6,8;8;11;
55;24;E_propinqua;600;12;10;9,5;;
55;24;E_propinqua;600;13;;;5;
55;24;E_propinqua;600;14;7;8,5;;
55;24;E_propinqua;600;15;;2,5;9;
55;24;E_propinqua;600;16;;2;9;
55;24;E_propinqua;600;17;10,2;10,5;6;
55;24;E_propinqua;600;18;6,7;7;;
55;24;E_propinqua;600;19;7,3;7;;
55;24;E_propinqua;600;20;9,9;10,5;;
55;24;E_propinqua;600;21;6,7;9;;
55;24;E_propinqua;600;22;8,9;11;;
55;24;E_propinqua;600;23;6,7;7,5;;
55;24;E_propinqua;600;24;6;6,5;;
55;24;E_propinqua;600;25;8,8;10;;
55;24;E_propinqua;600;26;;;1;
55;24;E_propinqua;600;27;6,4;7,5;;
55;24;E_propinqua;600;28;9,1;9;;
55;24;E_propinqua;600;29;9,2;10;;
55;24;E_propinqua;600;30;;2;9;
55;24;E_propinqua;600;31;7,2;8,5;;
55;24;E_propinqua;600;32;4,3;5,5;;
55;24;E_propinqua;600;33;8,4;10;;
55;24;E_propinqua;600;34;8,3;9;11;
55;24;E_propinqua;600;35;8,9;11;;
55;24;E_propinqua;600;36;8,4;6,5;;
55;24;E_propinqua;600;37;4,8;5;;
55;24;E_propinqua;600;38;2,7;3;7;
55;24;E_propinqua;600;39;5,4;6,5;;
55;24;E_propinqua;600;40;2,7;5;;
55;24;E_propinqua;600;41;9,2;10;;
55;24;E_propinqua;600;42;12,6;12,5;6;
55;24;E_propinqua;600;43;6,4;8;;
55;24;E_propinqua;600;44;6,4;6,5;;
55;24;E_propinqua;600;45;3,8;6;;
55;24;E_propinqua;600;46;5,4;7,5;;
55;24;E_propinqua;600;47;11,6;12,5;6;
55;24;E_propinqua;600;48;10;11,5;11;
55;24;E_propinqua;600;49;9,2;10,5;;
55;24;E_propinqua;600;50;7,5;9;11;
55;24;E_propinqua;600;51;2,4;4,5;;
55;24;E_propinqua;600;52;8,4;8,5;;
55;24;E_propinqua;600;53;4,5;6,5;;
55;24;E_propinqua;600;54;8,6;9;;
55;24;E_propinqua;600;55;4,6;6,5;11;
55;24;E_propinqua;600;56;6;7,5;;
55;24;E_propinqua;600;57;8;;;
55;24;E_propinqua;600;58;10;11,5;;
55;24;E_propinqua;600;59;9,2;11;;
55;24;E_propinqua;600;60;5,1;8;;
55;24;E_propinqua;600;61;10,2;11,5;;
55;24;E_propinqua;600;62;8,6;10;;
55;24;E_propinqua;600;63;;;5;
55;24;E_propinqua;600;64;9,2;11;;
55;24;E_propinqua;600;65;10,7;12,5;6;
55;24;E_propinqua;600;66;11,5;12;6;
55;24;E_propinqua;600;67;4;6;11;
55;24;E_propinqua;600;68;4,5;6;;
55;24;E_propinqua;600;69;10,5;11,5;6;
55;24;E_propinqua;600;70;7,2;7,5;;
55;24;E_propinqua;600;71;;;1;
55;24;E_propinqua;600;72;4,8;6;;
55;24;E_propinqua;600;73;5,9;8;;
55;24;E_propinqua;600;74;9,2;9,5;;
55;24;E_propinqua;600;75;8,6;9,5;;
55;24;E_propinqua;600;76;9,2;12;;
55;24;E_propinqua;600;77;8,9;9,5;;
55;24;E_propinqua;600;78;7,6;8,5;;
55;24;E_propinqua;600;79;4,1;5;;
55;24;E_propinqua;600;80;7;9,5;;
55;24;E_resinifera;600;1;8,1;7;;
55;24;E_resinifera;600;2;8,8;8;;
55;24;E_resinifera;600;3;4,8;4;7;11
55;24;E_resinifera;600;4;8,1;8,5;;
55;24;E_resinifera;600;5;9,2;8,5;;
55;24;E_resinifera;600;6;4,8;5,5;;
55;24;E_resinifera;600;7;8,6;8,5;11;
55;24;E_resinifera;600;8;8,8;8;;
55;24;E_resinifera;600;9;7,3;7;;
55;24;E_resinifera;600;10;;;1;
55;24;E_resinifera;600;11;11,1;9,5;6;
55;24;E_resinifera;600;12;5,1;5;11;
55;24;E_resinifera;600;13;;;1;
55;24;E_resinifera;600;14;11,3;10;6;
55;24;E_resinifera;600;15;8,3;8,5;;
55;24;E_resinifera;600;16;10,3;9;6;
55;24;E_resinifera;600;17;8,9;8,5;;
55;24;E_resinifera;600;18;9,7;8;;
55;24;E_resinifera;600;19;6,8;6,5;;
55;24;E_resinifera;600;20;8,8;7,5;;
55;24;E_resinifera;600;21;;;1;
55;24;E_resinifera;600;22;4;3,5;2;11
55;24;E_resinifera;600;23;4,1;5;;
55;24;E_resinifera;600;24;9,7;9;;
55;24;E_resinifera;600;25;;;1;
55;24;E_resinifera;600;26;7;7,5;;
55;24;E_resinifera;600;27;8,6;8,5;;
55;24;E_resinifera;600;28;8,1;6,5;;
55;24;E_resinifera;600;29;6,5;6;;
55;24;E_resinifera;600;30;;;1;
55;24;E_resinifera;600;31;4,9;;;
55;24;E_resinifera;600;32;8,3;8;;
55;24;E_resinifera;600;33;9,5;9;;
55;24;E_resinifera;600;34;4,3;5;;
55;24;E_resinifera;600;35;2,9;3,5;9;
55;24;E_resinifera;600;36;8,1;7;;
55;24;E_resinifera;600;37;8,1;8;;
55;24;E_resinifera;600;38;7,8;7,5;;
55;24;E_resinifera;600;39;9,4;8,5;;
55;24;E_resinifera;600;40;5,7;7;;
55;24;E_resinifera;600;41;9,5;8;;
55;24;E_resinifera;600;42;8,6;7,5;;
55;24;E_resinifera;600;43;9,1;7;;
55;24;E_resinifera;600;44;;;1;
55;24;E_resinifera;600;45;8,3;8;;
55;24;E_resinifera;600;46;9,4;8,5;;
55;24;E_resinifera;600;47;;;1;
55;24;E_resinifera;600;48;9,9;8,5;6;
55;24;E_resinifera;600;49;;;1;
55;24;E_resinifera;600;50;7,3;6,5;11;
55;24;E_resinifera;600;51;9,1;8,5;;
55;24;E_resinifera;600;52;6,4;6;;
55;24;E_resinifera;600;53;8,8;8;;
55;24;E_resinifera;600;54;7,8;7;;
55;24;E_resinifera;600;55;1,9;2;7;2
55;24;E_resinifera;600;56;8,8;8,5;;
55;24;E_resinifera;600;57;9,7;8,5;;
55;24;E_resinifera;600;58;;;1;
55;24;E_resinifera;600;59;6,5;7,5;;
55;24;E_resinifera;600;60;7,2;6,5;;
55;24;E_resinifera;600;61;0,6;2;7;9
55;24;E_resinifera;600;62;6,5;8;;
55;24;E_resinifera;600;63;11,3;9;6;
55;24;E_resinifera;600;64;2,4;3;7;
55;24;E_resinifera;600;65;5,7;6;;
55;24;E_resinifera;600;66;6,8;7,5;;
55;24;E_resinifera;600;67;8;7;;
55;24;E_resinifera;600;68;9,7;8;;
55;24;E_resinifera;600;69;3,5;2,5;11;9
55;24;E_resinifera;600;70;9,5;9;;
55;24;E_resinifera;600;71;8,9;7,5;;
55;24;E_resinifera;600;72;8,9;7,5;;
55;24;E_resinifera;600;73;7;7,5;;
55;24;E_resinifera;600;74;2,9;4;9;
55;24;E_resinifera;600;75;6;6,5;11;
55;24;E_resinifera;600;76;7,8;7;;
55;24;E_resinifera;600;77;10,3;8,5;6;
55;24;E_resinifera;600;78;8;8;;
55;24;E_resinifera;600;79;8,9;8;;
55;24;E_resinifera;600;80;9,5;9;;
55;24;E_robusta;600;1;7,3;10;;
55;24;E_robusta;600;2;9,1;7,5;;
55;24;E_robusta;600;3;5,9;5,5;;
55;24;E_robusta;600;4;9,1;8,5;;
55;24;E_robusta;600;5;8,3;7;;
55;24;E_robusta;600;6;7,6;6,5;;
55;24;E_robusta;600;7;;;1;
55;24;E_robusta;600;8;8;8,5;;
55;24;E_robusta;600;9;;;1;
55;24;E_robusta;600;10;6,8;4;11;
55;24;E_robusta;600;11;8,3;8;;
55;24;E_robusta;600;12;5,7;5,5;;
55;24;E_robusta;600;13;6;6,5;11;
55;24;E_robusta;600;14;8,9;7;;
55;24;E_robusta;600;15;1,9;2,5;7;9
55;24;E_robusta;600;16;7,3;8;;
55;24;E_robusta;600;17;;;1;
55;24;E_robusta;600;18;7;6;;
55;24;E_robusta;600;19;;;1;
55;24;E_robusta;600;20;3,5;3;7;10
55;24;E_robusta;600;21;2,5;3,5;2;
55;24;E_robusta;600;22;;;1;
55;24;E_robusta;600;23;;;1;
55;24;E_robusta;600;24;;;1;
55;24;E_robusta;600;25;9,2;5,5;;
55;24;E_robusta;600;26;7,5;8;;
55;24;E_robusta;600;27;8,9;8;;
55;24;E_robusta;600;28;8,9;8,5;;
55;24;E_robusta;600;29;;;1;
55;24;E_robusta;600;30;;;1;
55;24;E_robusta;600;31;8,9;7,5;;
55;24;E_robusta;600;32;5,7;6;;
55;24;E_robusta;600;33;10,2;7,5;;
55;24;E_robusta;600;34;8,6;7,5;;
55;24;E_robusta;600;35;3,5;3,5;;
55;24;E_robusta;600;36;;;1;
55;24;E_robusta;600;37;8,3;7,5;;
55;24;E_robusta;600;38;;;1;
55;24;E_robusta;600;39;;;1;
55;24;E_robusta;600;40;10,8;9;6;
55;24;E_robusta;600;41;1,3;2;7;9
55;24;E_robusta;600;42;9,2;9;;
55;24;E_robusta;600;43;;;1;
55;24;E_robusta;600;44;6,5;6,5;;
55;24;E_robusta;600;45;7,6;7;;
55;24;E_robusta;600;46;8,9;9,5;;
55;24;E_robusta;600;47;8,1;8;11;
55;24;E_robusta;600;48;8,8;8;11;
55;24;E_robusta;600;49;8,9;7,5;;
55;24;E_robusta;600;50;;;1;
55;24;E_robusta;600;51;7,5;7,5;;
55;24;E_robusta;600;52;;;1;
55;24;E_robusta;600;53;8,9;9;;
55;24;E_robusta;600;54;5,9;6,5;;
55;24;E_robusta;600;55;11,6;11;6;
55;24;E_robusta;600;56;10;10;;
55;24;E_robusta;600;57;10,7;9;6;
55;24;E_robusta;600;58;8;8,5;;
55;24;E_robusta;600;59;10,3;8,5;6;
55;24;E_robusta;600;60;;2;11;9
55;24;E_robusta;600;61;9,9;9,5;;
55;24;E_robusta;600;62;9,1;9;;
55;24;E_robusta;600;63;7,6;8;;
55;24;E_robusta;600;64;8,4;8;2;
55;24;E_robusta;600;65;7,3;7,5;;
55;24;E_robusta;600;66;8;7,5;;
55;24;E_robusta;600;67;7,8;8,5;;
55;24;E_robusta;600;68;11,3;9;6;
55;24;E_robusta;600;69;5,9;7;;
55;24;E_robusta;600;70;8,1;9;;
55;24;E_robusta;600;71;8,8;8;;
55;24;E_robusta;600;72;7,3;7,5;11;
55;24;E_robusta;600;73;6;7,5;;
55;24;E_robusta;600;74;8,4;7,5;;
55;24;E_robusta;600;75;5,6;6;;
55;24;E_robusta;600;76;10,3;9,5;;
55;24;E_robusta;600;77;5,9;7,5;;
55;24;E_robusta;600;78;8,3;8,5;;
55;24;E_robusta;600;79;10,5;8,5;6;
55;24;E_robusta;600;80;;;5;
55;24;E_saligna;600;1;8,6;9,5;;
55;24;E_saligna;600;2;11,8;11;6;
55;24;E_saligna;600;3;;;5;
55;24;E_saligna;600;4;9,9;10,5;;
55;24;E_saligna;600;5;9,9;10,5;;
55;24;E_saligna;600;6;6,4;8,5;;
55;24;E_saligna;600;7;9,9;11;;
55;24;E_saligna;600;8;10,5;10,5;11;
55;24;E_saligna;600;9;8,1;9,5;;
55;24;E_saligna;600;10;10;10;;
55;24;E_saligna;600;11;13,4;11,5;6;
55;24;E_saligna;600;12;;;1;
55;24;E_saligna;600;13;10,5;10,5;;
55;24;E_saligna;600;14;5,1;8,5;11;
55;24;E_saligna;600;15;10,2;11,5;;
55;24;E_saligna;600;16;;;1;
55;24;E_saligna;600;17;7,5;9,5;;
55;24;E_saligna;600;18;10,2;11;;
55;24;E_saligna;600;19;8,4;10;;
55;24;E_saligna;600;20;9,4;11,5;;
55;24;E_saligna;600;21;;;1;
55;24;E_saligna;600;22;10,5;12,5;;
55;24;E_saligna;600;23;8,9;11;;
55;24;E_saligna;600;24;8,3;11;11;
55;24;E_saligna;600;25;3;5,5;7;9
55;24;E_saligna;600;26;11,1;12;;
55;24;E_saligna;600;27;11,9;12;6;
55;24;E_saligna;600;28;10,7;12;;
55;24;E_saligna;600;29;10,3;11,5;;
55;24;E_saligna;600;30;9,2;11;;
55;24;E_saligna;600;31;7;8,5;;
55;24;E_saligna;600;32;10,8;11,5;;
55;24;E_saligna;600;33;8,8;10,5;;
55;24;E_saligna;600;34;8,8;10,5;;
55;24;E_saligna;600;35;10,5;11,5;;
55;24;E_saligna;600;36;10,2;11;;
55;24;E_saligna;600;37;9,5;12;;
55;24;E_saligna;600;38;8,9;11,5;;
55;24;E_saligna;600;39;10,7;13;;
55;24;E_saligna;600;40;9,9;11,5;;
55;24;E_saligna;600;41;10,2;11,5;;
55;24;E_saligna;600;42;;;5;
55;24;E_saligna;600;43;9,7;11,5;;
55;24;E_saligna;600;44;11,1;11;;
55;24;E_saligna;600;45;;;1;
55;24;E_saligna;600;46;4,8;8;7;
55;24;E_saligna;600;47;9,1;10;;
55;24;E_saligna;600;48;9,4;11,5;;
55;24;E_saligna;600;49;9,5;11,5;;
55;24;E_saligna;600;50;9,7;10;;
55;24;E_saligna;600;51;11,5;11,5;6;
55;24;E_saligna;600;52;8,6;10,5;;
55;24;E_saligna;600;53;9,9;11,5;;
55;24;E_saligna;600;54;7,3;9,5;;
55;24;E_saligna;600;55;10;11,5;;
55;24;E_saligna;600;56;10,7;11,5;;
55;24;E_saligna;600;57;10,8;11,5;;
55;24;E_saligna;600;58;;;5;
55;24;E_saligna;600;59;8,3;9;11;
55;24;E_saligna;600;60;10,2;10,5;;
55;24;E_saligna;600;61;;;1;
55;24;E_saligna;600;62;10,8;11,5;;
55;24;E_saligna;600;63;;;1;
55;24;E_saligna;600;64;9,1;11;;
55;24;E_saligna;600;65;6,2;8,5;;
55;24;E_saligna;600;66;11;11,5;;
55;24;E_saligna;600;67;11,5;12,5;;
55;24;E_saligna;600;68;9,5;11;;
55;24;E_saligna;600;69;10;12,5;;
55;24;E_saligna;600;70;6,8;8,5;;
55;24;E_saligna;600;71;12,4;12,5;6;
55;24;E_saligna;600;72;9,5;11;11;
55;24;E_saligna;600;73;11,5;11,5;;
55;24;E_saligna;600;74;;;1;
55;24;E_saligna;600;75;10,7;12;;
55;24;E_saligna;600;76;11,6;12;6;
55;24;E_saligna;600;77;10,7;11;;
55;24;E_saligna;600;78;10,2;12;;
55;24;E_saligna;600;79;9,5;10,5;;
55;24;E_saligna;600;80;8,4;10,5;;
55;24;E_tereticornis;600;1;4,5;5,5;;
55;24;E_tereticornis;600;2;;;1;
55;24;E_tereticornis;600;3;7,8;5,5;;
55;24;E_tereticornis;600;4;6;6;;
55;24;E_tereticornis;600;5;8,1;7;;
55;24;E_tereticornis;600;6;8,6;7,5;;
55;24;E_tereticornis;600;7;9,2;8,5;6;
55;24;E_tereticornis;600;8;4,5;5;;
55;24;E_tereticornis;600;9;8,3;8;2;
55;24;E_tereticornis;600;10;6,2;6,5;;
55;24;E_tereticornis;600;11;5,7;6;;
55;24;E_tereticornis;600;12;8;7;;
55;24;E_tereticornis;600;13;7,3;7;;
55;24;E_tereticornis;600;14;2,2;2;9;
55;24;E_tereticornis;600;15;1,6;2;9;
55;24;E_tereticornis;600;16;4,1;3,5;;
55;24;E_tereticornis;600;17;4;3,5;;
55;24;E_tereticornis;600;18;8,8;7;;
55;24;E_tereticornis;600;19;6,4;6;;
55;24;E_tereticornis;600;20;2,9;2;9;
55;24;E_tereticornis;600;21;7;5,5;;
55;24;E_tereticornis;600;22;7;5,5;;
55;24;E_tereticornis;600;23;2,9;4;2;
55;24;E_tereticornis;600;24;4,1;4,5;;
55;24;E_tereticornis;600;25;3,5;3,5;;
55;24;E_tereticornis;600;26;2,2;2,5;9;
55;24;E_tereticornis;600;27;11,5;10,5;6;
55;24;E_tereticornis;600;28;5,6;5;;
55;24;E_tereticornis;600;29;2,2;3;;
55;24;E_tereticornis;600;30;6,4;5,5;;
55;24;E_tereticornis;600;31;2,5;4;;
55;24;E_tereticornis;600;32;4,1;4,5;;
55;24;E_tereticornis;600;33;2,9;2,5;;
55;24;E_tereticornis;600;34;8,6;7;;
55;24;E_tereticornis;600;35;7;5,5;;
55;24;E_tereticornis;600;36;3,8;4,5;;
55;24;E_tereticornis;600;37;9,9;8;6;
55;24;E_tereticornis;600;38;3,5;5,5;;
55;24;E_tereticornis;600;39;3;3;;
55;24;E_tereticornis;600;40;7,3;5,5;;
55;24;E_tereticornis;600;41;7,5;6,5;;
55;24;E_tereticornis;600;42;2,2;4;;
55;24;E_tereticornis;600;43;6,8;5;;
55;24;E_tereticornis;600;44;6,8;7,5;;
55;24;E_tereticornis;600;45;;1;9;
55;24;E_tereticornis;600;46;7,2;6,5;11;
55;24;E_tereticornis;600;47;7;6;;
55;24;E_tereticornis;600;48;4,1;5;11;
55;24;E_tereticornis;600;49;8,6;6,5;;
55;24;E_tereticornis;600;50;7,3;6,5;;
55;24;E_tereticornis;600;51;5,1;4,5;;
55;24;E_tereticornis;600;52;10;8,5;6;
55;24;E_tereticornis;600;53;;;5;
55;24;E_tereticornis;600;54;;;5;
55;24;E_tereticornis;600;55;7,3;7;;
55;24;E_tereticornis;600;56;6,4;5;9;
55;24;E_tereticornis;600;57;;;1;
55;24;E_tereticornis;600;58;;;1;
55;24;E_tereticornis;600;59;9,5;5,5;6;
55;24;E_tereticornis;600;60;5,7;6;;
55;24;E_tereticornis;600;61;1,9;3;9;
55;24;E_tereticornis;600;62;5,6;4,5;;
55;24;E_tereticornis;600;63;9,1;7;;
55;24;E_tereticornis;600;64;6,5;6,5;;
55;24;E_tereticornis;600;65;6,7;5,5;;
55;24;E_tereticornis;600;66;5,1;4,5;;
55;24;E_tereticornis;600;67;4,6;4,5;;
55;24;E_tereticornis;600;68;8;7,5;;
55;24;E_tereticornis;600;69;5,9;5;;
55;24;E_tereticornis;600;70;5,1;4,5;;
55;24;E_tereticornis;600;71;5,1;3;;
55;24;E_tereticornis;600;72;8,8;7;;
55;24;E_tereticornis;600;73;4,5;5,5;;
55;24;E_tereticornis;600;74;5,7;5,5;;
55;24;E_tereticornis;600;75;6;6,5;;
55;24;E_tereticornis;600;76;5,1;5;;
55;24;E_tereticornis;600;77;9,2;6,5;6;
55;24;E_tereticornis;600;78;4,9;4,5;;
55;24;E_tereticornis;600;79;6;5;;
55;24;E_tereticornis;600;80;3,5;3,5;;
55;24;E_torelliana;600;1;7,6;7,5;;
55;24;E_torelliana;600;2;7,5;7;;
55;24;E_torelliana;600;3;5,7;6;11;
55;24;E_torelliana;600;4;2,5;3,5;7;11
55;24;E_torelliana;600;5;6,5;5,5;11;
55;24;E_torelliana;600;6;9,1;6,5;6;
55;24;E_torelliana;600;7;6,8;5,5;;
55;24;E_torelliana;600;8;6,8;6;;
55;24;E_torelliana;600;9;8;6,5;;
55;24;E_torelliana;600;10;7,3;6,5;;
55;24;E_torelliana;600;11;8,3;7;;
55;24;E_torelliana;600;12;8,1;6;;
55;24;E_torelliana;600;13;8;6,5;;
55;24;E_torelliana;600;14;8,1;7,5;;
55;24;E_torelliana;600;15;7,6;6;;
55;24;E_torelliana;600;16;;;1;
55;24;E_torelliana;600;17;6;6;2;
55;24;E_torelliana;600;18;6,7;6;;
55;24;E_torelliana;600;19;7,6;6,5;;
55;24;E_torelliana;600;20;7,3;6;;
55;24;E_torelliana;600;21;7,2;6;;
55;24;E_torelliana;600;22;6,2;5,5;;
55;24;E_torelliana;600;23;6,8;5,5;;
55;24;E_torelliana;600;24;8;5,5;;
55;24;E_torelliana;600;25;7,2;5;;
55;24;E_torelliana;600;26;8,6;6;;
55;24;E_torelliana;600;27;6,7;5;;
55;24;E_torelliana;600;28;8;6,5;;
55;24;E_torelliana;600;29;7,2;5,5;;
55;24;E_torelliana;600;30;6,8;6;;
55;24;E_torelliana;600;31;7,2;6;;
55;24;E_torelliana;600;32;7,6;7;;
55;24;E_torelliana;600;33;8,3;7;;
55;24;E_torelliana;600;34;8;6,5;;
55;24;E_torelliana;600;35;8,1;6,5;;
55;24;E_torelliana;600;36;7;5,5;;
55;24;E_torelliana;600;37;7,2;5,5;;
55;24;E_torelliana;600;38;8,3;6,5;;
55;24;E_torelliana;600;39;8,3;7;;
55;24;E_torelliana;600;40;2,7;3;7;
55;24;E_torelliana;600;41;9,2;7;6;
55;24;E_torelliana;600;42;8;7;;
55;24;E_torelliana;600;43;6,7;5,5;11;
55;24;E_torelliana;600;44;8,9;7;6;
55;24;E_torelliana;600;45;8;4,5;11;
55;24;E_torelliana;600;46;7,6;5;;
55;24;E_torelliana;600;47;;;1;
55;24;E_torelliana;600;48;8,3;6,5;;
55;24;E_torelliana;600;49;7,5;6;;
55;24;E_torelliana;600;50;7,8;7;;
55;24;E_torelliana;600;51;8,3;6;;
55;24;E_torelliana;600;52;8,9;6,5;6;
55;24;E_torelliana;600;53;5,4;5;;
55;24;E_torelliana;600;54;7,2;5,5;11;
55;24;E_torelliana;600;55;4,5;5,5;;
55;24;E_torelliana;600;56;8,9;6;;
55;24;E_torelliana;600;57;6,8;6;;
55;24;E_torelliana;600;58;7,6;6,5;;
55;24;E_torelliana;600;59;12,4;9;6;
55;24;E_torelliana;600;60;5,4;5;;
55;24;E_torelliana;600;61;6,4;6;;
55;24;E_torelliana;600;62;7,3;5,5;;
55;24;E_torelliana;600;63;7,3;5,5;;
55;24;E_torelliana;600;64;6,7;4,5;;
55;24;E_torelliana;600;65;8,6;5,5;;
55;24;E_torelliana;600;66;7,5;6;;
55;24;E_torelliana;600;67;9,1;8;6;
55;24;E_torelliana;600;68;4,8;5;;
55;24;E_torelliana;600;69;7,2;6;;
55;24;E_torelliana;600;70;8,9;6;;
55;24;E_torelliana;600;71;;;1;
55;24;E_torelliana;600;72;8,9;7;;
55;24;E_torelliana;600;73;6,4;5,5;;
55;24;E_torelliana;600;74;;;5;
55;24;E_torelliana;600;75;8,6;6;;
55;24;E_torelliana;600;76;8,9;6,5;;
55;24;E_torelliana;600;77;8;6;;
55;24;E_torelliana;600;78;7,6;6;;
55;24;E_torelliana;600;79;8;6;;
55;24;E_torelliana;600;80;8;6,5;;
55;24;E_urophylla;600;1;10,8;13;;
55;24;E_urophylla;600;2;;15;9;
55;24;E_urophylla;600;3;;3,5;9;
55;24;E_urophylla;600;4;10;11,5;;
55;24;E_urophylla;600;5;9,4;12;;
55;24;E_urophylla;600;6;10;11;;
55;24;E_urophylla;600;7;9,5;11;;
55;24;E_urophylla;600;8;9,2;11,5;;
55;24;E_urophylla;600;9;9,4;11;;
55;24;E_urophylla;600;10;7,6;11,5;;
55;24;E_urophylla;600;11;5,9;8;;
55;24;E_urophylla;600;12;11,5;12,5;;
55;24;E_urophylla;600;13;10,5;11,5;;
55;24;E_urophylla;600;14;11,6;11,5;6;
55;24;E_urophylla;600;15;8,4;10,5;;
55;24;E_urophylla;600;16;10,5;11;;
55;24;E_urophylla;600;17;;;1;
55;24;E_urophylla;600;18;11,6;11,5;6;
55;24;E_urophylla;600;19;4,8;7,5;;
55;24;E_urophylla;600;20;10,5;11,5;;
55;24;E_urophylla;600;21;7;10;;
55;24;E_urophylla;600;22;10,5;11,5;;
55;24;E_urophylla;600;23;5,4;6;;
55;24;E_urophylla;600;24;11,1;11,5;;
55;24;E_urophylla;600;25;4,8;5,5;;
55;24;E_urophylla;600;26;10,5;13,5;;
55;24;E_urophylla;600;27;8,1;10;11;
55;24;E_urophylla;600;28;8,4;9,5;;
55;24;E_urophylla;600;29;;1,4;9;
55;24;E_urophylla;600;30;9,4;12,5;;
55;24;E_urophylla;600;31;9,5;12,5;;
55;24;E_urophylla;600;32;10,3;12,5;;
55;24;E_urophylla;600;33;10,2;10,5;;
55;24;E_urophylla;600;34;10,8;9;;
55;24;E_urophylla;600;35;10,2;10,5;;
55;24;E_urophylla;600;36;9,2;10,5;;
55;24;E_urophylla;600;37;10,2;10,5;;
55;24;E_urophylla;600;38;10,2;13,5;;
55;24;E_urophylla;600;39;10,8;11;;
55;24;E_urophylla;600;40;2,1;4,5;7;11
55;24;E_urophylla;600;41;9,5;12;11;
55;24;E_urophylla;600;42;7,8;11;;
55;24;E_urophylla;600;43;9,9;8,5;;
55;24;E_urophylla;600;44;10,2;10;;
55;24;E_urophylla;600;45;2,2;3;7;11
55;24;E_urophylla;600;46;8,8;9;;
55;24;E_urophylla;600;47;9,1;11;;
55;24;E_urophylla;600;48;8;9;;
55;24;E_urophylla;600;49;7,3;8,5;;
55;24;E_urophylla;600;50;7,3;9;;
55;24;E_urophylla;600;51;;;1;
55;24;E_urophylla;600;52;6,8;8,5;;
55;24;E_urophylla;600;53;6,7;7,5;;
55;24;E_urophylla;600;54;9,5;8,5;;
55;24;E_urophylla;600;55;9,5;10,5;;
55;24;E_urophylla;600;56;;;1;
55;24;E_urophylla;600;57;10,5;11,5;;
55;24;E_urophylla;600;58;12,6;11;6;
55;24;E_urophylla;600;59;10,2;11,5;;
55;24;E_urophylla;600;60;4,9;6;11;
55;24;E_urophylla;600;61;4,8;8;;
55;24;E_urophylla;600;62;12,3;13;6;
55;24;E_urophylla;600;63;12,1;10,5;6;
55;24;E_urophylla;600;64;10,3;11;;
55;24;E_urophylla;600;65;7,3;9;;
55;24;E_urophylla;600;66;14;12;6;
55;24;E_urophylla;600;67;4,8;8;;
55;24;E_urophylla;600;68;4,5;7,5;;
55;24;E_urophylla;600;69;9,7;10;;
55;24;E_urophylla;600;70;8,4;9,5;;
55;24;E_urophylla;600;71;9,2;11;;
55;24;E_urophylla;600;72;3,8;6;;
55;24;E_urophylla;600;73;9,7;13;;
55;24;E_urophylla;600;74;11,1;12;;
55;24;E_urophylla;600;75;9,5;8,5;;
55;24;E_urophylla;600;76;10,8;12;;
55;24;E_urophylla;600;77;10,5;10;;
55;24;E_urophylla;600;78;10,7;11,5;;
55;24;E_urophylla;600;79;9,2;10,5;;
55;24;E_urophylla;600;80;9,7;11,5;;
55;24;E_urophylla_F;600;1;8,6;10;;
55;24;E_urophylla_F;600;2;;;1;
55;24;E_urophylla_F;600;3;;;1;
55;24;E_urophylla_F;600;4;;;1;
55;24;E_urophylla_F;600;5;10;11;;
55;24;E_urophylla_F;600;6;3,5;6;7;9
55;24;E_urophylla_F;600;7;8,1;10;;
55;24;E_urophylla_F;600;8;2,2;5,5;7;
55;24;E_urophylla_F;600;9;13,4;13;6;
55;24;E_urophylla_F;600;10;3,2;;;
55;24;E_urophylla_F;600;11;7,8;12;;
55;24;E_urophylla_F;600;12;9,9;12;;
55;24;E_urophylla_F;600;13;13,1;13;6;
55;24;E_urophylla_F;600;14;11,6;13;11;
55;24;E_urophylla_F;600;15;10,3;10;;
55;24;E_urophylla_F;600;16;;;1;
55;24;E_urophylla_F;600;17;3,7;3,5;7;9
55;24;E_urophylla_F;600;18;9,2;10;;
55;24;E_urophylla_F;600;19;;;1;
55;24;E_urophylla_F;600;20;;;1;
55;24;E_urophylla_F;600;21;9,9;13;;
55;24;E_urophylla_F;600;22;7,6;9,5;;
55;24;E_urophylla_F;600;23;8,9;10,5;;
55;24;E_urophylla_F;600;24;3,5;5,5;7;
55;24;E_urophylla_F;600;25;8,6;11;;
55;24;E_urophylla_F;600;26;8,3;10,5;;
55;24;E_urophylla_F;600;27;10,7;11;;
55;24;E_urophylla_F;600;28;8,8;10,5;;
55;24;E_urophylla_F;600;29;10,5;10,5;;
55;24;E_urophylla_F;600;30;6,8;8,5;;
55;24;E_urophylla_F;600;31;;;1;
55;24;E_urophylla_F;600;32;5,3;6,5;;
55;24;E_urophylla_F;600;33;8,1;11;;
55;24;E_urophylla_F;600;34;12,4;12;6;
55;24;E_urophylla_F;600;35;5,9;8,5;;
55;24;E_urophylla_F;600;36;9,5;10,5;;
55;24;E_urophylla_F;600;37;4,8;5;;
55;24;E_urophylla_F;600;38;11,3;11,5;;
55;24;E_urophylla_F;600;39;8,9;11;;
55;24;E_urophylla_F;600;40;9,9;11,5;;
55;24;E_urophylla_F;600;41;10,2;12;;
55;24;E_urophylla_F;600;42;;;1;
55;24;E_urophylla_F;600;43;9,5;11,5;;
55;24;E_urophylla_F;600;44;;;1;
55;24;E_urophylla_F;600;45;;;1;
55;24;E_urophylla_F;600;46;;;1;
55;24;E_urophylla_F;600;47;13,4;13,5;6;
55;24;E_urophylla_F;600;48;11,1;12,5;;
55;24;E_urophylla_F;600;49;9,2;12,5;;
55;24;E_urophylla_F;600;50;11,3;14,5;;
55;24;E_urophylla_F;600;51;11,9;14;;
55;24;E_urophylla_F;600;52;;;1;
55;24;E_urophylla_F;600;53;8,9;9,5;;
55;24;E_urophylla_F;600;54;9,1;11,5;;
55;24;E_urophylla_F;600;55;8,3;11,5;;
55;24;E_urophylla_F;600;56;;;1;
55;24;E_urophylla_F;600;57;11;13;;
55;24;E_urophylla_F;600;58;6,2;9;11;
55;24;E_urophylla_F;600;59;10,8;13,5;;
55;24;E_urophylla_F;600;60;12,1;13;6;
55;24;E_urophylla_F;600;61;11,1;14;;
55;24;E_urophylla_F;600;62;5,1;8;;
55;24;E_urophylla_F;600;63;11,6;13;;
55;24;E_urophylla_F;600;64;;;1;
55;24;E_urophylla_F;600;65;11,8;14;;
55;24;E_urophylla_F;600;66;8,9;10,5;;
55;24;E_urophylla_F;600;67;;;1;
55;24;E_urophylla_F;600;68;9,4;11;;
55;24;E_urophylla_F;600;69;7,5;10;;
55;24;E_urophylla_F;600;70;11,1;14,5;;
55;24;E_urophylla_F;600;71;10,2;12;;
55;24;E_urophylla_F;600;72;11,6;13,5;;
55;24;E_urophylla_F;600;73;;;1;
55;24;E_urophylla_F;600;74;8,1;9;;
55;24;E_urophylla_F;600;75;5,4;8;;
55;24;E_urophylla_F;600;76;8,9;11;;
55;24;E_urophylla_F;600;77;9,9;12;;
55;24;E_urophylla_F;600;78;10,2;12,5;;
55;24;E_urophylla_F;600;79;11,5;13,5;;
55;24;E_urophylla_F;600;80;12,6;12;6;
